user_genome	classification	fastani_reference	fastani_reference_radius	fastani_taxonomy	fastani_ani	fastani_af	closest_placement_reference	closest_placement_radius	closest_placement_taxonomy	closest_placement_ani	closest_placement_af	pplacer_taxonomy	classification_method	note	other_related_references(genome_id,species_name,radius,ANI,AF)	msa_percent	translation_table	red_value	warnings
bin.1	d__Bacteria;p__Bacillota_A;c__Clostridia;o__Lachnospirales;f__Lachnospiraceae;g__Oribacterium;s__Oribacterium sp015258095	GCA_015258095.1	95.0	d__Bacteria;p__Bacillota_A;c__Clostridia;o__Lachnospirales;f__Lachnospiraceae;g__Oribacterium;s__Oribacterium sp015258095	97.31	0.91	GCA_015258095.1	95.0	d__Bacteria;p__Bacillota_A;c__Clostridia;o__Lachnospirales;f__Lachnospiraceae;g__Oribacterium;s__Oribacterium sp015258095	97.31	0.91	d__Bacteria;p__Bacillota_A;c__Clostridia;o__Lachnospirales;f__Lachnospiraceae;g__Oribacterium;s__	taxonomic classification defined by topology and ANI	topological placement and ANI have congruent species assignments	GCF_000238075.1, s__Oribacterium asaccharolyticum, 95.0, 80.17, 0.51; GCF_000238055.2, s__Oribacterium parvum, 95.0, 79.41, 0.43; GCA_916438775.1, s__Oribacterium sp916438775, 95.0, 79.04, 0.22; GCA_916439225.1, s__Oribacterium sp916439225, 95.0, 78.53, 0.39; GCF_014202695.1, s__Oribacterium sinus, 95.0, 77.97, 0.27; GCA_004554245.1, s__Oribacterium sp004554245, 95.0, 76.88, 0.04; GCF_000160135.1, s__Oribacterium sp000160135, 95.0, 76.81, 0.06; GCA_900772695.1, s__Oribacterium sp900772695, 95.0, 76.53, 0.03; GCF_900107835.1, s__Oribacterium sp900107835, 95.0, 76.37, 0.04; GCF_900113415.1, s__Oribacterium sp900113415, 95.0, 76.29, 0.04; GCF_013394775.1, s__Oribacterium sp013394775, 95.0, 76.24, 0.06; GCA_900770445.1, s__Oribacterium sp900770445, 95.0, 76.23, 0.04; GCF_000424445.1, s__Oribacterium sp000424445, 95.0, 76.16, 0.04; GCA_934270345.1, s__Oribacterium sp934270345, 95.0, 76.16, 0.05; GCF_000702885.1, s__Oribacterium sp000702885, 95.0, 75.92, 0.03; GCA_002431355.1, s__Oribacterium sp002431355, 95.0, 75.87, 0.04; GCA_024689585.1, s__Oribacterium sp024689585, 95.0, 75.87, 0.02; GCA_017940955.1, s__Oribacterium sp017940955, 95.0, 75.84, 0.04; GCA_002449915.1, s__Oribacterium sp002449915, 95.0, 75.79, 0.03; GCA_000513555.1, s__Oribacterium sp000513555, 95.0, 75.69, 0.03; GCA_002396005.1, s__Oribacterium sp002396005, 95.0, 75.69, 0.02; GCF_002007235.1, s__Oribacterium sp002007235, 95.0, 75.68, 0.03; GCA_934279105.1, s__Oribacterium sp934279105, 95.0, 75.63, 0.02; GCA_900318695.1, s__Oribacterium sp900318695, 95.0, 75.62, 0.03; GCA_900315665.1, s__Oribacterium sp900315665, 95.0, 75.6, 0.04; GCA_002371295.1, s__Oribacterium sp002371295, 95.0, 74.69, 0.01	76.7	11	N/A	N/A
bin.10	d__Bacteria;p__Spirochaetota;c__Spirochaetia;o__Treponematales;f__Treponemataceae;g__Treponema;s__	N/A	N/A	N/A	N/A	N/A	N/A	N/A	N/A	N/A	N/A	d__Bacteria;p__Spirochaetota;c__Spirochaetia;o__Treponematales;f__Treponemataceae;g__Treponema;s__	ANI	classification based on placement in class-level tree	GCF_000412995.1, s__Treponema vincentii, 95.0, 79.93, 0.45; GCF_017161265.1, s__Treponema medium, 95.0, 79.67, 0.42; GCF_018336815.1, s__Treponema sp018336815, 95.0, 79.46, 0.43; GCF_000775995.1, s__Treponema sp000775995, 95.0, 79.41, 0.42; GCF_010365865.1, s__Treponema sp010365865, 95.0, 79.29, 0.42; GCA_905372265.1, s__Treponema sp905372265, 95.0, 79.21, 0.22; GCA_905373565.1, s__Treponema sp905373565, 95.0, 79.17, 0.37; GCF_008153345.1, s__Treponema phagedenis, 95.0, 76.17, 0.05; GCF_000410535.2, s__Treponema pallidum, 95.0, 75.73, 0.03	79.13	11	0.9641172629149706	N/A
bin.11	d__Bacteria;p__Spirochaetota;c__Spirochaetia;o__Treponematales;f__Treponemataceae;g__Treponema_D;s__Treponema_D sp905372235	GCA_905372235.1	95.0	d__Bacteria;p__Spirochaetota;c__Spirochaetia;o__Treponematales;f__Treponemataceae;g__Treponema_D;s__Treponema_D sp905372235	97.38	0.9	GCA_905372235.1	95.0	d__Bacteria;p__Spirochaetota;c__Spirochaetia;o__Treponematales;f__Treponemataceae;g__Treponema_D;s__Treponema_D sp905372235	97.38	0.9	d__Bacteria;p__Spirochaetota;c__Spirochaetia;o__Treponematales;f__Treponemataceae;g__Treponema_D;s__	taxonomic classification defined by topology and ANI	topological placement and ANI have congruent species assignments	GCA_024695475.1, s__Treponema_D sp024695475, 95.0, 77.87, 0.01; GCF_014334335.1, s__Treponema_D sp014334335, 95.0, 77.68, 0.05; GCA_024402635.1, s__Treponema_D sp024402635, 95.0, 77.42, 0.02; GCA_022010055.1, s__Treponema_D sp900541945, 95.0, 77.2, 0.11; GCA_024402565.1, s__Treponema_D sp024402565, 95.0, 77.06, 0.03; GCA_018385315.1, s__Treponema_D sp018385315, 95.0, 77.06, 0.03; GCF_900111035.1, s__Treponema_D bryantii_C, 95.0, 76.86, 0.04; GCA_934718065.1, s__Treponema_D sp934718065, 95.0, 76.82, 0.11; GCA_017381365.1, s__Treponema_D sp017381365, 95.0, 76.81, 0.07; GCA_934667505.1, s__Treponema_D sp934667505, 95.0, 76.8, 0.07; GCA_900317625.1, s__Treponema_D sp900317625, 95.0, 76.76, 0.08; GCA_017386165.1, s__Treponema_D sp017386165, 95.0, 76.72, 0.04; GCF_900113965.1, s__Treponema_D bryantii_A, 95.0, 76.72, 0.04; GCA_017548565.1, s__Treponema_D sp017548565, 95.0, 76.71, 0.04; GCF_900167145.1, s__Treponema_D porcinum, 95.0, 76.7, 0.12; GCA_024693915.1, s__Treponema_D sp024693915, 95.0, 76.68, 0.09; GCA_002437725.1, s__Treponema_D sp002437725, 95.0, 76.66, 0.08; GCA_018385395.1, s__Treponema_D sp018385395, 95.0, 76.62, 0.03; GCA_016293915.1, s__Treponema_D sp016293915, 95.0, 76.62, 0.03; GCA_024693045.1, s__Treponema_D sp024693045, 95.0, 76.6, 0.06; GCA_002478955.1, s__Treponema_D sp002478955, 95.0, 76.59, 0.1; GCA_934699065.1, s__Treponema_D sp934699065, 95.0, 76.59, 0.03; GCF_000421345.1, s__Treponema_D bryantii_B, 95.0, 76.53, 0.05; GCA_016297805.1, s__Treponema_D sp016297805, 95.0, 76.52, 0.03; GCA_017940255.1, s__Treponema_D sp017940255, 95.0, 76.48, 0.04; GCA_900769325.1, s__Treponema_D sp900769325, 95.0, 76.48, 0.09; GCA_004554075.1, s__Treponema_D sp004554075, 95.0, 76.47, 0.03; GCA_016293005.1, s__Treponema_D sp016293005, 95.0, 76.46, 0.07; GCA_017616165.1, s__Treponema_D sp017616165, 95.0, 76.46, 0.03; GCA_014803985.1, s__Treponema_D sp014803985, 95.0, 76.43, 0.06; GCA_016286365.1, s__Treponema_D sp016286365, 95.0, 76.42, 0.04; GCA_024402665.1, s__Treponema_D sp024402665, 95.0, 76.42, 0.02; GCA_016296575.1, s__Treponema_D sp016296575, 95.0, 76.4, 0.03; GCA_002296965.1, s__Treponema_D sp002296965, 95.0, 76.38, 0.06; GCA_017617145.1, s__Treponema_D sp017617145, 95.0, 76.37, 0.04; GCA_902797305.1, s__Treponema_D sp902797305, 95.0, 76.35, 0.04; GCA_024698325.1, s__Treponema_D sp024698325, 95.0, 76.35, 0.02; GCA_016290335.1, s__Treponema_D sp016290335, 95.0, 76.35, 0.04; GCA_016297405.1, s__Treponema_D sp016297405, 95.0, 76.35, 0.06; GCA_017521105.1, s__Treponema_D sp017521105, 95.0, 76.34, 0.04; GCA_002315375.1, s__Treponema_D sp002315375, 95.0, 76.33, 0.03; GCA_017550685.1, s__Treponema_D sp017550685, 95.0, 76.32, 0.04; GCA_016286535.1, s__Treponema_D sp016286535, 95.0, 76.32, 0.04; GCA_017392945.1, s__Treponema_D sp017392945, 95.0, 76.28, 0.06; GCA_017622055.1, s__Treponema_D sp017622055, 95.0, 76.26, 0.02; GCA_017544745.1, s__Treponema_D sp017544745, 95.0, 76.26, 0.02; GCA_016293495.1, s__Treponema_D sp016293495, 95.0, 76.25, 0.03; GCA_902783245.1, s__Treponema_D sp902783245, 95.0, 76.24, 0.02; GCA_024699205.1, s__Treponema_D sp024699205, 95.0, 76.23, 0.02; GCA_024680155.1, s__Treponema_D sp024680155, 95.0, 76.23, 0.04; GCA_024683675.1, s__Treponema_D sp024683675, 95.0, 76.22, 0.03; GCF_017893945.1, s__Treponema_D parvum_A, 95.0, 76.22, 0.03; GCA_902789325.1, s__Treponema_D sp902789325, 95.0, 76.22, 0.03; GCA_017470605.1, s__Treponema_D sp017470605, 95.0, 76.19, 0.05; GCA_017619795.1, s__Treponema_D sp017619795, 95.0, 76.16, 0.04; GCA_024402535.1, s__Treponema_D sp024402535, 95.0, 76.15, 0.02; GCA_016296655.1, s__Treponema_D sp016296655, 95.0, 76.15, 0.03; GCA_017551545.1, s__Treponema_D sp017551545, 95.0, 76.09, 0.04; GCF_017893965.1, s__Treponema_D parvum, 95.0, 76.07, 0.04; GCA_017962965.1, s__Treponema_D sp017962965, 95.0, 76.06, 0.03; GCA_017617115.1, s__Treponema_D sp017617115, 95.0, 76.05, 0.03; GCA_900767955.1, s__Treponema_D sp900767955, 95.0, 76.05, 0.03; GCA_024693715.1, s__Treponema_D sp024693715, 95.0, 76.03, 0.04; GCA_022768685.1, s__Treponema_D sp022768685, 95.0, 76.01, 0.04; GCA_024402695.1, s__Treponema_D sp024402695, 95.0, 75.99, 0.04; GCA_902802305.1, s__Treponema_D sp902802305, 95.0, 75.96, 0.04; GCA_024402655.1, s__Treponema_D sp024402655, 95.0, 75.94, 0.02; GCA_002309195.1, s__Treponema_D sp002309195, 95.0, 75.93, 0.04; GCA_024402615.1, s__Treponema_D sp024402615, 95.0, 75.92, 0.01; GCA_002395155.1, s__Treponema_D sp002395155, 95.0, 75.92, 0.03; GCA_017390125.1, s__Treponema_D sp017390125, 95.0, 75.91, 0.07; GCA_024691105.1, s__Treponema_D sp024691105, 95.0, 75.87, 0.03; GCA_015061465.1, s__Treponema_D bryantii_D, 95.0, 75.85, 0.03; GCA_017651065.1, s__Treponema_D sp017651065, 95.0, 75.83, 0.03; GCA_902799665.1, s__Treponema_D sp902799665, 95.0, 75.8, 0.03; GCA_902772975.1, s__Treponema_D sp902772975, 95.0, 75.79, 0.04; GCA_024689365.1, s__Treponema_D sp024689365, 95.0, 75.78, 0.03; GCA_016292805.1, s__Treponema_D sp016292805, 95.0, 75.78, 0.03; GCA_017553635.1, s__Treponema_D sp017553635, 95.0, 75.76, 0.04; GCA_017645785.1, s__Treponema_D sp017645785, 95.0, 75.71, 0.03; GCA_018385415.1, s__Treponema_D sp018385415, 95.0, 75.69, 0.03; GCA_902792795.1, s__Treponema_D sp902792795, 95.0, 75.69, 0.02; GCA_002399405.1, s__Treponema_D sp002399405, 95.0, 75.67, 0.04; GCA_024402475.1, s__Treponema_D sp024402475, 95.0, 75.66, 0.03; GCA_012513125.1, s__Treponema_D sp012513125, 95.0, 75.65, 0.02; GCA_022640795.1, s__Treponema_D sp022640795, 95.0, 75.64, 0.02; GCA_017962415.1, s__Treponema_D sp017962415, 95.0, 75.57, 0.04; GCA_002350445.1, s__Treponema_D sp002350445, 95.0, 75.56, 0.04; GCA_018064525.1, s__Treponema_D sp018064525, 95.0, 75.56, 0.03; GCA_017963165.1, s__Treponema_D sp017963165, 95.0, 75.53, 0.03; GCA_024402505.1, s__Treponema_D sp024402505, 95.0, 75.53, 0.03; GCA_016287815.1, s__Treponema_D sp016287815, 95.0, 75.53, 0.04; GCA_900769985.1, s__Treponema_D sp900769985, 95.0, 75.51, 0.05; GCA_002314445.1, s__Treponema_D sp002314445, 95.0, 75.48, 0.03; GCA_021442965.1, s__Treponema_D sp021442965, 95.0, 75.47, 0.03; GCA_024402595.1, s__Treponema_D sp024402595, 95.0, 75.45, 0.02; GCA_018066075.1, s__Treponema_D sp018066075, 95.0, 75.43, 0.02; GCA_023231445.1, s__Treponema_D sp023231445, 95.0, 75.31, 0.03; GCA_002319875.1, s__Treponema_D sp002319875, 95.0, 74.97, 0.02	86.91	11	N/A	N/A
bin.12	d__Bacteria;p__Bacillota_A;c__Clostridia;o__Peptostreptococcales;f__Peptostreptococcaceae;g__Peptostreptococcus;s__Peptostreptococcus sp900759325	GCA_900759325.1	95.0	d__Bacteria;p__Bacillota_A;c__Clostridia;o__Peptostreptococcales;f__Peptostreptococcaceae;g__Peptostreptococcus;s__Peptostreptococcus sp900759325	97.92	0.92	GCA_900759325.1	95.0	d__Bacteria;p__Bacillota_A;c__Clostridia;o__Peptostreptococcales;f__Peptostreptococcaceae;g__Peptostreptococcus;s__Peptostreptococcus sp900759325	97.92	0.92	d__Bacteria;p__Bacillota_A;c__Clostridia;o__Peptostreptococcales;f__Peptostreptococcaceae;g__Peptostreptococcus;s__	taxonomic classification defined by topology and ANI	topological placement and ANI have congruent species assignments	GCF_000147675.1, s__Peptostreptococcus stomatis, 95.0, 86.7, 0.87; GCF_000758885.1, s__Peptostreptococcus sp000758885, 95.0, 82.3, 0.69; GCF_000381525.1, s__Peptostreptococcus anaerobius, 95.0, 78.6, 0.25; GCF_009695815.1, s__Peptostreptococcus porci, 95.0, 77.82, 0.12; GCF_900110295.1, s__Peptostreptococcus russellii_A, 95.0, 77.8, 0.17; GCF_900112955.1, s__Peptostreptococcus sp900112955, 95.0, 77.71, 0.11; GCF_003012055.1, s__Peptostreptococcus russellii, 95.0, 77.46, 0.19; GCA_020025095.1, s__Peptostreptococcus sp020025095, 95.0, 77.4, 0.12; GCF_900240845.1, s__Peptostreptococcus sp900240845, 95.0, 77.2, 0.12; GCF_014229965.1, s__Peptostreptococcus canis, 95.0, 77.01, 0.12	72.43	11	N/A	N/A
bin.13	d__Bacteria;p__Bacteroidota;c__Bacteroidia;o__Bacteroidales;f__Bacteroidaceae;g__Prevotella;s__Prevotella histicola	GCF_000613925.1	95.0	d__Bacteria;p__Bacteroidota;c__Bacteroidia;o__Bacteroidales;f__Bacteroidaceae;g__Prevotella;s__Prevotella histicola	98.06	0.96	GCF_000613925.1	95.0	d__Bacteria;p__Bacteroidota;c__Bacteroidia;o__Bacteroidales;f__Bacteroidaceae;g__Prevotella;s__Prevotella histicola	98.06	0.96	d__Bacteria;p__Bacteroidota;c__Bacteroidia;o__Bacteroidales;f__Bacteroidaceae;g__Prevotella;s__	taxonomic classification defined by topology and ANI	topological placement and ANI have congruent species assignments	GCF_900187995.1, s__Prevotella jejuni, 95.0, 80.1, 0.41; GCF_009728485.1, s__Prevotella vespertina, 95.0, 79.95, 0.37; GCF_018127925.1, s__Prevotella melaninogenica_C, 95.0, 79.8, 0.41; GCF_000377625.1, s__Prevotella veroralis, 95.0, 79.79, 0.34; GCF_000144405.1, s__Prevotella melaninogenica, 95.0, 79.6, 0.42; GCF_018127785.1, s__Prevotella scopos, 95.0, 79.59, 0.42; GCF_018127965.1, s__Prevotella melaninogenica_B, 95.0, 79.45, 0.42; GCF_003609775.1, s__Prevotella melaninogenica_A, 95.0, 79.26, 0.41; GCF_018128065.1, s__Prevotella sp000467895, 95.0, 79.24, 0.38; GCA_916440255.1, s__Prevotella sp916440255, 95.0, 79.23, 0.31; GCF_001262015.1, s__Prevotella fusca, 95.0, 79.14, 0.37; GCA_927910885.1, s__Prevotella sp927910885, 95.0, 79.08, 0.4; GCF_900454835.1, s__Prevotella denticola, 95.0, 78.64, 0.26; GCA_021640525.1, s__Prevotella copri_C, 95.8451, 78.39, 0.07; GCF_000614065.1, s__Prevotella dentasini, 95.0, 78.32, 0.11; GCF_000613345.1, s__Prevotella disiens, 95.0, 78.31, 0.1; GCF_900155655.1, s__Prevotella ihumii, 95.0, 78.21, 0.11; GCF_000220255.1, s__Prevotella pallens, 95.0, 78.2, 0.11; GCA_024688365.1, s__Prevotella sp024688365, 95.0, 78.16, 0.2; GCF_000191065.1, s__Prevotella multiformis, 95.0, 78.1, 0.22; GCF_009495355.1, s__Prevotella sp900313215, 95.0, 78.05, 0.08; GCF_000262545.1, s__Prevotella bivia, 95.0, 77.99, 0.13; GCA_905236755.1, s__Prevotella sp905236755, 95.0, 77.99, 0.09; GCA_900199655.1, s__Prevotella sp900199655, 95.0, 77.99, 0.04; GCF_009494135.1, s__Prevotella copri_B, 95.823, 77.98, 0.07; GCF_002224675.1, s__Prevotella copri_A, 95.0, 77.97, 0.07; GCF_000430525.1, s__Prevotella corporis, 95.0, 77.97, 0.1; GCF_001953955.1, s__Prevotella intermedia, 95.0, 77.95, 0.1; GCF_019249655.1, s__Prevotella sp900767615, 95.0, 77.91, 0.07; GCA_900544825.1, s__Prevotella sp900544825, 95.0, 77.9, 0.07; GCF_004535825.1, s__Prevotella hominis, 95.0, 77.88, 0.1; GCF_015074785.1, s__Prevotella sp015074785, 95.849, 77.86, 0.08; GCA_002439605.1, s__Prevotella sp002439605, 95.0, 77.86, 0.07; GCF_008016795.1, s__Prevotella brunnea, 95.0, 77.84, 0.08; GCF_000614025.1, s__Prevotella aurantiaca, 95.0, 77.8, 0.12; GCA_021636625.1, s__Prevotella sp021636625, 95.0, 77.78, 0.06; GCA_900316015.1, s__Prevotella sp900316015, 95.0, 77.78, 0.06; GCF_000184945.1, s__Prevotella buccae, 95.0, 77.74, 0.05; GCF_000378745.1, s__Prevotella amnii, 95.0, 77.7, 0.09; GCA_900771975.1, s__Prevotella sp900771975, 95.0, 77.68, 0.06; GCF_019127135.1, s__Prevotella sp900551275, 95.0063, 77.66, 0.07; GCF_009494395.1, s__Prevotella sp900546535, 95.0, 77.65, 0.08; GCA_025151535.1, s__Prevotella copri, 95.849, 77.65, 0.08; GCF_000426565.1, s__Prevotella albensis, 95.0, 77.63, 0.1; GCF_002251365.1, s__Prevotella sp002251365, 95.0, 77.59, 0.05; GCA_900551985.1, s__Prevotella sp900551985, 95.0, 77.56, 0.06; GCA_934191715.1, s__Prevotella sp934191715, 95.7522, 77.56, 0.07; GCF_000613405.1, s__Prevotella enoeca, 95.0, 77.48, 0.04; GCA_902775075.1, s__Prevotella sp902775075, 95.0, 77.47, 0.08; GCF_001553265.1, s__Prevotella sp001553265, 95.0, 77.44, 0.07; GCF_003043945.1, s__Prevotella sp003043945, 95.0, 77.42, 0.06; GCF_000688375.1, s__Prevotella sp000688375, 95.0, 77.42, 0.12; GCF_000613945.1, s__Prevotella falsenii, 95.0, 77.4, 0.08; GCA_002440225.1, s__Prevotella sp002440225, 95.0, 77.38, 0.05; GCF_022024235.1, s__Prevotella bryantii, 95.0, 77.37, 0.08; GCA_900316565.1, s__Prevotella sp900316565, 95.0, 77.37, 0.06; GCA_022641735.1, s__Prevotella sp022641735, 95.0, 77.37, 0.06; GCF_019973375.1, s__Prevotella lacticifex, 95.0, 77.33, 0.06; GCF_017426725.1, s__Prevotella illustrans, 95.0, 77.31, 0.06; GCA_905236815.1, s__Prevotella sp905236815, 95.0, 77.31, 0.06; GCA_934202525.1, s__Prevotella sp934202525, 95.1863, 77.31, 0.06; GCA_021619875.1, s__Prevotella copri_D, 95.4544, 77.29, 0.04; GCF_000185145.2, s__Prevotella oralis, 95.0, 77.24, 0.06; GCF_900113305.1, s__Prevotella sp900113305, 95.0, 77.23, 0.05; GCF_000424185.1, s__Prevotella sp000424185, 95.0, 77.22, 0.05; GCA_934254985.1, s__Prevotella sp934254985, 95.0, 77.18, 0.07; GCF_000220235.1, s__Prevotella nigrescens, 95.0, 77.16, 0.1; GCA_900315635.1, s__Prevotella sp900315635, 95.0, 77.15, 0.06; GCA_002479145.1, s__Prevotella sp002479145, 95.0, 77.15, 0.03; GCA_002297965.1, s__Prevotella sp002297965, 95.0, 77.12, 0.05; GCA_018054505.1, s__Prevotella sp018054505, 95.0, 77.09, 0.08; GCA_022779305.1, s__Prevotella sp022779305, 95.0, 77.08, 0.08; GCA_905210845.1, s__Prevotella sp900556825, 95.0, 77.05, 0.05; GCF_000614105.1, s__Prevotella micans, 95.0, 77.01, 0.05; GCA_002405875.1, s__Prevotella sp002405875, 95.0, 77.01, 0.04; GCA_002391185.1, s__Prevotella sp002391185, 95.0, 76.93, 0.05; GCA_000435635.1, s__Prevotella avicola, 95.0, 76.9, 0.04; GCA_945863825.1, s__Prevotella sp945863825, 95.0, 76.87, 0.05; GCA_900557255.1, s__Prevotella sp900557255, 95.0, 76.84, 0.05; GCA_900769055.1, s__Prevotella sp900769055, 95.0, 76.83, 0.04; GCA_002451555.1, s__Prevotella sp002451555, 95.0, 76.82, 0.06; GCA_000436915.1, s__Prevotella sp000436915, 95.0, 76.81, 0.06; GCA_022732315.1, s__Prevotella sp022732315, 95.0, 76.6, 0.04; GCA_934281565.1, s__Prevotella sp934281565, 95.0, 76.59, 0.05; GCA_900770515.1, s__Prevotella sp900770515, 95.0, 76.54, 0.04; GCA_003447235.1, s__Prevotella sp003447235, 95.0, 76.46, 0.04; GCA_900314455.1, s__Prevotella sp900314455, 95.0, 76.44, 0.05; GCA_000436035.1, s__Prevotella sp000436035, 95.0, 76.43, 0.06; GCA_004554665.1, s__Prevotella sp004554665, 95.0, 76.39, 0.03; GCA_900548535.1, s__Prevotella sp900548535, 95.0, 76.38, 0.05; GCA_900554835.1, s__Prevotella sp900554835, 95.0, 76.36, 0.07; GCA_900555035.1, s__Prevotella sp900555035, 95.0, 76.33, 0.04; GCA_900557035.1, s__Prevotella sp900557035, 95.0, 76.3, 0.04; GCA_900556795.1, s__Prevotella sp900556795, 95.0, 76.29, 0.04; GCA_900556395.1, s__Prevotella sp900556395, 95.0, 76.26, 0.06; GCA_934196725.1, s__Prevotella sp934196725, 95.0, 76.07, 0.05; GCA_900765465.1, s__Prevotella sp900765465, 95.0, 76.05, 0.02; GCA_900318855.1, s__Prevotella sp900318855, 95.0, 75.73, 0.03; GCA_002480935.1, s__Prevotella sp002480935, 95.0, 75.72, 0.03	86.57	11	N/A	N/A
bin.14	d__Bacteria;p__Bacteroidota;c__Bacteroidia;o__Bacteroidales;f__Bacteroidaceae;g__Prevotella;s__Prevotella pallens	GCF_000220255.1	95.0	d__Bacteria;p__Bacteroidota;c__Bacteroidia;o__Bacteroidales;f__Bacteroidaceae;g__Prevotella;s__Prevotella pallens	98.48	0.96	GCF_000220255.1	95.0	d__Bacteria;p__Bacteroidota;c__Bacteroidia;o__Bacteroidales;f__Bacteroidaceae;g__Prevotella;s__Prevotella pallens	98.48	0.96	d__Bacteria;p__Bacteroidota;c__Bacteroidia;o__Bacteroidales;f__Bacteroidaceae;g__Prevotella;s__	taxonomic classification defined by topology and ANI	topological placement and ANI have congruent species assignments	GCF_000220235.1, s__Prevotella nigrescens, 95.0, 83.91, 0.72; GCF_000614025.1, s__Prevotella aurantiaca, 95.0, 81.59, 0.57; GCF_001953955.1, s__Prevotella intermedia, 95.0, 80.43, 0.56; GCF_000613945.1, s__Prevotella falsenii, 95.0, 79.67, 0.49; GCF_000613345.1, s__Prevotella disiens, 95.0, 78.58, 0.3; GCF_900187995.1, s__Prevotella jejuni, 95.0, 78.54, 0.12; GCF_000613925.1, s__Prevotella histicola, 95.0, 78.4, 0.11; GCF_900155655.1, s__Prevotella ihumii, 95.0, 78.23, 0.21; GCF_000614065.1, s__Prevotella dentasini, 95.0, 78.11, 0.07; GCF_900454835.1, s__Prevotella denticola, 95.0, 78.11, 0.06; GCF_009728485.1, s__Prevotella vespertina, 95.0, 78.03, 0.09; GCF_000262545.1, s__Prevotella bivia, 95.0, 78.01, 0.12; GCF_001262015.1, s__Prevotella fusca, 95.0, 77.96, 0.08; GCA_900199655.1, s__Prevotella sp900199655, 95.0, 77.94, 0.04; GCF_000377625.1, s__Prevotella veroralis, 95.0, 77.92, 0.1; GCA_002439605.1, s__Prevotella sp002439605, 95.0, 77.9, 0.03; GCA_900316015.1, s__Prevotella sp900316015, 95.0, 77.81, 0.03; GCA_934191715.1, s__Prevotella sp934191715, 95.7522, 77.81, 0.04; GCA_900315635.1, s__Prevotella sp900315635, 95.0, 77.79, 0.03; GCA_927910885.1, s__Prevotella sp927910885, 95.0, 77.78, 0.11; GCA_022779305.1, s__Prevotella sp022779305, 95.0, 77.77, 0.11; GCF_018127785.1, s__Prevotella scopos, 95.0, 77.77, 0.13; GCF_000144405.1, s__Prevotella melaninogenica, 95.0, 77.76, 0.14; GCF_000184945.1, s__Prevotella buccae, 95.0, 77.75, 0.04; GCF_003609775.1, s__Prevotella melaninogenica_A, 95.0, 77.74, 0.1; GCF_900113305.1, s__Prevotella sp900113305, 95.0, 77.73, 0.03; GCF_002224675.1, s__Prevotella copri_A, 95.0, 77.66, 0.04; GCF_019249655.1, s__Prevotella sp900767615, 95.0, 77.65, 0.04; GCA_021636625.1, s__Prevotella sp021636625, 95.0, 77.63, 0.03; GCF_018127925.1, s__Prevotella melaninogenica_C, 95.0, 77.62, 0.12; GCA_025151535.1, s__Prevotella copri, 95.849, 77.59, 0.04; GCF_008016795.1, s__Prevotella brunnea, 95.0, 77.57, 0.09; GCF_009495355.1, s__Prevotella sp900313215, 95.0, 77.56, 0.04; GCF_017426725.1, s__Prevotella illustrans, 95.0, 77.5, 0.04; GCA_024688365.1, s__Prevotella sp024688365, 95.0, 77.5, 0.04; GCF_019127135.1, s__Prevotella sp900551275, 95.0063, 77.49, 0.05; GCF_000430525.1, s__Prevotella corporis, 95.0, 77.49, 0.1; GCF_018128065.1, s__Prevotella sp000467895, 95.0, 77.46, 0.12; GCF_001553265.1, s__Prevotella sp001553265, 95.0, 77.46, 0.04; GCF_000191065.1, s__Prevotella multiformis, 95.0, 77.43, 0.06; GCF_018127965.1, s__Prevotella melaninogenica_B, 95.0, 77.4, 0.11; GCF_009494135.1, s__Prevotella copri_B, 95.823, 77.35, 0.04; GCF_000688375.1, s__Prevotella sp000688375, 95.0, 77.35, 0.12; GCF_000378745.1, s__Prevotella amnii, 95.0, 77.32, 0.12; GCF_015074785.1, s__Prevotella sp015074785, 95.849, 77.3, 0.04; GCF_000426565.1, s__Prevotella albensis, 95.0, 77.3, 0.05; GCA_021640525.1, s__Prevotella copri_C, 95.8451, 77.29, 0.04; GCA_916440255.1, s__Prevotella sp916440255, 95.0, 77.23, 0.11; GCA_900769055.1, s__Prevotella sp900769055, 95.0, 77.17, 0.02; GCA_905236755.1, s__Prevotella sp905236755, 95.0, 77.16, 0.06; GCF_000185145.2, s__Prevotella oralis, 95.0, 77.13, 0.04; GCA_900771975.1, s__Prevotella sp900771975, 95.0, 77.11, 0.06; GCA_002440225.1, s__Prevotella sp002440225, 95.0, 77.08, 0.03; GCA_902775075.1, s__Prevotella sp902775075, 95.0, 77.06, 0.04; GCA_900544825.1, s__Prevotella sp900544825, 95.0, 77.06, 0.04; GCA_934202525.1, s__Prevotella sp934202525, 95.1863, 77.04, 0.04; GCA_900557255.1, s__Prevotella sp900557255, 95.0, 77.04, 0.03; GCA_900551985.1, s__Prevotella sp900551985, 95.0, 77.01, 0.04; GCF_004535825.1, s__Prevotella hominis, 95.0, 76.99, 0.05; GCF_009494395.1, s__Prevotella sp900546535, 95.0, 76.98, 0.04; GCF_022024235.1, s__Prevotella bryantii, 95.0, 76.97, 0.06; GCF_003043945.1, s__Prevotella sp003043945, 95.0, 76.96, 0.04; GCA_002297965.1, s__Prevotella sp002297965, 95.0, 76.92, 0.03; GCF_019973375.1, s__Prevotella lacticifex, 95.0, 76.89, 0.03; GCF_000613405.1, s__Prevotella enoeca, 95.0, 76.81, 0.04; GCA_900316565.1, s__Prevotella sp900316565, 95.0, 76.81, 0.03; GCA_905210845.1, s__Prevotella sp900556825, 95.0, 76.78, 0.03; GCA_021619875.1, s__Prevotella copri_D, 95.4544, 76.76, 0.02; GCA_900555035.1, s__Prevotella sp900555035, 95.0, 76.76, 0.02; GCA_022641735.1, s__Prevotella sp022641735, 95.0, 76.71, 0.04; GCF_002251365.1, s__Prevotella sp002251365, 95.0, 76.7, 0.03; GCF_000424185.1, s__Prevotella sp000424185, 95.0, 76.69, 0.02; GCA_900770515.1, s__Prevotella sp900770515, 95.0, 76.59, 0.03; GCA_022732315.1, s__Prevotella sp022732315, 95.0, 76.46, 0.02; GCA_000435635.1, s__Prevotella avicola, 95.0, 76.45, 0.03; GCA_002451555.1, s__Prevotella sp002451555, 95.0, 76.4, 0.03; GCA_003447235.1, s__Prevotella sp003447235, 95.0, 76.24, 0.03; GCA_000436915.1, s__Prevotella sp000436915, 95.0, 76.18, 0.05; GCA_900314455.1, s__Prevotella sp900314455, 95.0, 76.16, 0.02; GCA_900556395.1, s__Prevotella sp900556395, 95.0, 76.15, 0.02; GCF_000614105.1, s__Prevotella micans, 95.0, 76.12, 0.06; GCA_945863825.1, s__Prevotella sp945863825, 95.0, 76.11, 0.02; GCA_934254985.1, s__Prevotella sp934254985, 95.0, 76.11, 0.06; GCA_018054505.1, s__Prevotella sp018054505, 95.0, 75.93, 0.06; GCA_905236815.1, s__Prevotella sp905236815, 95.0, 75.93, 0.05; GCA_900765465.1, s__Prevotella sp900765465, 95.0, 75.87, 0.02; GCA_002479145.1, s__Prevotella sp002479145, 95.0, 75.85, 0.03; GCA_000436035.1, s__Prevotella sp000436035, 95.0, 75.79, 0.03; GCA_900556795.1, s__Prevotella sp900556795, 95.0, 75.75, 0.03; GCA_900554835.1, s__Prevotella sp900554835, 95.0, 75.73, 0.03; GCA_934196725.1, s__Prevotella sp934196725, 95.0, 75.73, 0.02; GCA_002480935.1, s__Prevotella sp002480935, 95.0, 75.72, 0.02; GCA_004554665.1, s__Prevotella sp004554665, 95.0, 75.66, 0.03; GCA_002391185.1, s__Prevotella sp002391185, 95.0, 75.52, 0.04; GCA_900557035.1, s__Prevotella sp900557035, 95.0, 75.51, 0.02; GCA_900548535.1, s__Prevotella sp900548535, 95.0, 75.42, 0.02; GCA_934281565.1, s__Prevotella sp934281565, 95.0, 75.38, 0.02; GCA_900318855.1, s__Prevotella sp900318855, 95.0, 75.22, 0.01; GCA_002405875.1, s__Prevotella sp002405875, 95.0, 75.17, 0.02	92.81	11	N/A	N/A
bin.15	d__Bacteria;p__Bacillota_A;c__Clostridia;o__Peptostreptococcales;f__Anaerovoracaceae;g__Hornefia;s__Hornefia nodata	GCA_000510425.1	95.0	d__Bacteria;p__Bacillota_A;c__Clostridia;o__Peptostreptococcales;f__Anaerovoracaceae;g__Hornefia;s__Hornefia nodata	98.87	0.99	GCA_000510425.1	95.0	d__Bacteria;p__Bacillota_A;c__Clostridia;o__Peptostreptococcales;f__Anaerovoracaceae;g__Hornefia;s__Hornefia nodata	98.87	0.99	d__Bacteria;p__Bacillota_A;c__Clostridia;o__Peptostreptococcales;f__Anaerovoracaceae;g__Hornefia;s__	taxonomic classification defined by topology and ANI	topological placement and ANI have congruent species assignments	GCA_003433295.1, s__Hornefia minuta, 95.0, 79.22, 0.15; GCF_000688015.1, s__Hornefia sp000688015, 95.0, 78.26, 0.05; GCF_001940235.1, s__Hornefia porci, 95.0, 77.46, 0.08; GCF_009695915.1, s__Hornefia butyriciproducens, 95.0, 77.06, 0.09; GCA_900315125.1, s__Hornefia sp900315125, 95.0, 77.04, 0.04; GCA_017425345.1, s__Hornefia sp017425345, 95.0, 76.58, 0.02	80.5	11	N/A	N/A
bin.16	d__Bacteria;p__Actinomycetota;c__Actinomycetia;o__Actinomycetales;f__Bifidobacteriaceae;g__Alloscardovia;s__Alloscardovia omnicolens	GCF_000420505.1	95.0	d__Bacteria;p__Actinomycetota;c__Actinomycetia;o__Actinomycetales;f__Bifidobacteriaceae;g__Alloscardovia;s__Alloscardovia omnicolens	98.82	0.93	GCF_000420505.1	95.0	d__Bacteria;p__Actinomycetota;c__Actinomycetia;o__Actinomycetales;f__Bifidobacteriaceae;g__Alloscardovia;s__Alloscardovia omnicolens	98.82	0.93	d__Bacteria;p__Actinomycetota;c__Actinomycetia;o__Actinomycetales;f__Bifidobacteriaceae;g__Alloscardovia;s__	taxonomic classification defined by topology and ANI	topological placement and ANI have congruent species assignments	GCF_004332295.1, s__Alloscardovia theropitheci, 95.0, 79.3, 0.24; GCA_000376885.1, s__Alloscardovia criceti, 95.0, 79.14, 0.29; GCF_002259705.1, s__Alloscardovia macacae, 95.0, 78.71, 0.18	95.99	11	N/A	N/A
bin.17	d__Bacteria;p__Pseudomonadota;c__Gammaproteobacteria;o__Pseudomonadales;f__Moraxellaceae;g__Moraxella;s__Moraxella sp916720335	GCA_916720335.1	95.0	d__Bacteria;p__Pseudomonadota;c__Gammaproteobacteria;o__Pseudomonadales;f__Moraxellaceae;g__Moraxella;s__Moraxella sp916720335	97.84	0.96	GCA_916720335.1	95.0	d__Bacteria;p__Pseudomonadota;c__Gammaproteobacteria;o__Pseudomonadales;f__Moraxellaceae;g__Moraxella;s__Moraxella sp916720335	97.84	0.96	d__Bacteria;p__Pseudomonadota;c__Gammaproteobacteria;o__Pseudomonadales;f__Moraxellaceae;g__Moraxella;s__	taxonomic classification defined by topology and ANI	topological placement and ANI have congruent species assignments	GCF_002224245.2, s__Moraxella sp002224245, 95.0, 77.52, 0.25; GCF_002014975.1, s__Moraxella bovis, 95.6695, 77.51, 0.15; GCF_002027545.1, s__Moraxella lacunata, 95.0, 77.39, 0.15; GCF_000696305.2, s__Moraxella bovoculi, 96.0858, 77.37, 0.11; GCF_900453105.1, s__Moraxella ovis, 96.0858, 77.34, 0.13; GCF_022701215.1, s__Moraxella nasovis, 95.0, 77.27, 0.16; GCF_023336735.1, s__Moraxella sp023336735, 95.0, 77.27, 0.12; GCF_002027555.1, s__Moraxella equi, 95.0, 77.24, 0.16; GCF_900156515.1, s__Moraxella cuniculi, 95.0, 77.21, 0.13; GCF_001679005.1, s__Moraxella nonliquefaciens, 95.0, 77.21, 0.17; GCF_900453205.1, s__Moraxella lacunata_B, 95.0, 77.2, 0.15; GCF_001656295.1, s__Moraxella catarrhalis_C, 95.0, 77.15, 0.17; GCF_001598275.1, s__Moraxella oblonga, 95.0, 77.14, 0.19; GCF_000426885.1, s__Moraxella caprae, 95.6695, 77.09, 0.16; GCF_002014965.1, s__Moraxella canis, 95.0, 77.08, 0.14; GCF_002014985.1, s__Moraxella caviae, 95.0, 77.04, 0.15; GCF_001632285.1, s__Moraxella catarrhalis, 95.0, 76.91, 0.18; GCA_945873075.1, s__Moraxella sp945873075, 95.0, 76.89, 0.12; GCF_024137865.1, s__Moraxella sp024137865, 95.0, 76.87, 0.1; GCF_002014855.1, s__Moraxella porci, 95.0, 76.84, 0.1; GCF_002014825.1, s__Moraxella pluranimalium, 95.0, 76.72, 0.11; GCA_943908405.1, s__Moraxella sp943908405, 95.0, 76.71, 0.09; GCA_024227015.1, s__Moraxella sp024227015, 95.0, 76.47, 0.1; GCA_943908425.1, s__Moraxella sp943908425, 95.0, 76.35, 0.1	98.01	11	N/A	N/A
bin.18	d__Bacteria;p__Bacteroidota;c__Bacteroidia;o__Bacteroidales;f__Bacteroidaceae;g__Prevotella;s__Prevotella shahii	GCF_000613445.1	95.0	d__Bacteria;p__Bacteroidota;c__Bacteroidia;o__Bacteroidales;f__Bacteroidaceae;g__Prevotella;s__Prevotella shahii	97.91	0.9	GCF_000613445.1	95.0	d__Bacteria;p__Bacteroidota;c__Bacteroidia;o__Bacteroidales;f__Bacteroidaceae;g__Prevotella;s__Prevotella shahii	97.91	0.9	d__Bacteria;p__Bacteroidota;c__Bacteroidia;o__Bacteroidales;f__Bacteroidaceae;g__Prevotella;s__	taxonomic classification defined by topology and ANI	topological placement and ANI have congruent species assignments	GCF_000312305.1, s__Prevotella conceptionensis, 95.0, 82.36, 0.67; GCF_000378085.1, s__Prevotella loescheii, 95.0, 81.79, 0.65; GCA_905373605.1, s__Prevotella sp905373605, 95.0, 79.9, 0.51; GCF_000185845.1, s__Prevotella salivae, 95.0, 78.77, 0.06; GCF_000163055.2, s__Prevotella sp000163055, 95.0, 78.45, 0.07; GCF_000614205.1, s__Prevotella saccharolytica, 95.0, 78.11, 0.14; GCF_018127805.1, s__Prevotella sp018127805, 95.0, 77.94, 0.24; GCF_900637655.1, s__Prevotella oris, 95.0, 77.77, 0.07; GCA_900316015.1, s__Prevotella sp900316015, 95.0, 77.55, 0.03; GCF_000762405.1, s__Prevotella timonensis_A, 95.0025, 77.49, 0.06; GCF_000379965.1, s__Prevotella nanceiensis, 95.0, 77.41, 0.06; GCF_001553265.1, s__Prevotella sp001553265, 95.0, 77.4, 0.07; GCF_000382385.1, s__Prevotella maculosa, 95.0, 77.32, 0.06; GCA_002353525.1, s__Prevotella sp002353525, 95.0, 77.31, 0.05; GCA_018053665.1, s__Prevotella sp018053665, 95.0, 77.21, 0.04; GCF_000479005.1, s__Prevotella sp000479005, 95.0, 77.14, 0.06; GCF_017426725.1, s__Prevotella illustrans, 95.0, 77.11, 0.04; GCA_002439605.1, s__Prevotella sp002439605, 95.0, 77.06, 0.04; GCF_000455445.1, s__Prevotella timonensis, 95.0025, 76.96, 0.06; GCA_900554695.1, s__Prevotella sp900554695, 95.0, 76.94, 0.04; GCF_021531655.1, s__Prevotella sp900544495, 95.0, 76.94, 0.05; GCF_000184945.1, s__Prevotella buccae, 95.0, 76.91, 0.06; GCA_902775075.1, s__Prevotella sp902775075, 95.0, 76.89, 0.03; GCA_905214625.1, s__Prevotella sp905214625, 95.0, 76.85, 0.04; GCF_021531355.1, s__Prevotella sp900552515, 95.0, 76.82, 0.05; GCF_009495355.1, s__Prevotella sp900313215, 95.0, 76.79, 0.06; GCF_019052365.1, s__Prevotella sp000434975, 95.0, 76.79, 0.06; GCF_000235885.1, s__Prevotella stercorea, 95.0, 76.75, 0.05; GCA_900552675.1, s__Prevotella sp900552675, 95.0, 76.73, 0.07; GCA_900553595.1, s__Prevotella sp900553595, 95.0, 76.73, 0.08; GCF_000613405.1, s__Prevotella enoeca, 95.0, 76.7, 0.06; GCA_900769055.1, s__Prevotella sp900769055, 95.0, 76.7, 0.04; GCF_000185145.2, s__Prevotella oralis, 95.0, 76.7, 0.06; GCA_022783515.1, s__Prevotella sp022783515, 95.0, 76.69, 0.16; GCF_000426585.1, s__Prevotella baroniae, 95.0, 76.69, 0.06; GCA_022775985.1, s__Prevotella sp022775985, 95.0, 76.69, 0.05; GCF_013166515.1, s__Prevotella sp013166515, 95.0, 76.67, 0.05; GCA_900545525.1, s__Prevotella sp900545525, 95.0, 76.62, 0.05; GCA_945863825.1, s__Prevotella sp945863825, 95.0, 76.61, 0.03; GCF_001275135.1, s__Prevotella rara, 95.0, 76.6, 0.05; GCA_905202125.1, s__Prevotella sp900556275, 95.0, 76.58, 0.06; GCF_004535825.1, s__Prevotella hominis, 95.0, 76.55, 0.05; GCF_000585355.1, s__Prevotella oryzae, 95.0, 76.55, 0.04; GCA_002490315.1, s__Prevotella sp002490315, 95.0, 76.55, 0.04; GCF_900290275.1, s__Prevotella sp900290275, 95.0, 76.53, 0.05; GCF_000177075.1, s__Prevotella buccalis, 95.0, 76.51, 0.07; GCA_016291595.1, s__Prevotella sp016291595, 95.0, 76.5, 0.05; GCF_000373185.1, s__Prevotella paludivivens, 95.0, 76.5, 0.04; GCA_900199655.1, s__Prevotella sp900199655, 95.0, 76.49, 0.05; GCA_916439115.1, s__Prevotella sp916439115, 95.0, 76.47, 0.07; GCF_002265625.1, s__Prevotella sp002265625, 95.0, 76.45, 0.05; GCF_015074785.1, s__Prevotella sp015074785, 95.849, 76.45, 0.04; GCA_934203355.1, s__Prevotella sp934203355, 95.0, 76.44, 0.04; GCF_000834015.1, s__Prevotella pectinovora, 95.0, 76.38, 0.05; GCF_900079775.1, s__Prevotella lascolaii, 95.0, 76.38, 0.04; GCF_017347605.1, s__Prevotella herbatica, 95.0, 76.34, 0.04; GCF_000146675.1, s__Prevotella marshii, 95.0, 76.34, 0.08; GCA_004557285.1, s__Prevotella sp004557285, 95.0, 76.33, 0.06; GCF_000613725.1, s__Prevotella pleuritidis, 95.0, 76.29, 0.07; GCA_017415455.1, s__Prevotella sp017415455, 95.0, 76.28, 0.04; GCF_002251365.1, s__Prevotella sp002251365, 95.0, 76.28, 0.04; GCA_022641735.1, s__Prevotella sp022641735, 95.0, 76.27, 0.04; GCA_000436035.1, s__Prevotella sp000436035, 95.0, 76.27, 0.04; GCA_000436915.1, s__Prevotella sp000436915, 95.0, 76.25, 0.06; GCA_934254985.1, s__Prevotella sp934254985, 95.0, 76.25, 0.06; GCA_934230965.1, s__Prevotella sp934230965, 95.0, 76.25, 0.06; GCA_905210845.1, s__Prevotella sp900556825, 95.0, 76.24, 0.03; GCA_000436695.1, s__Prevotella sp000436695, 95.0, 76.24, 0.04; GCF_900113305.1, s__Prevotella sp900113305, 95.0, 76.2, 0.03; GCA_900546575.1, s__Prevotella sp900546575, 95.0, 76.19, 0.05; GCA_934215545.1, s__Prevotella sp934215545, 95.0, 76.16, 0.09; GCA_905215655.1, s__Prevotella sp905215655, 95.0, 76.12, 0.04; GCA_024682415.1, s__Prevotella sp024682415, 95.0, 76.06, 0.05; GCA_934183355.1, s__Prevotella sp934183355, 95.0, 76.06, 0.05; GCA_900553465.1, s__Prevotella sp900553465, 95.0, 76.04, 0.04; GCA_900771975.1, s__Prevotella sp900771975, 95.0, 76.01, 0.04; GCA_934120735.1, s__Prevotella sp934120735, 95.0, 76.0, 0.07; GCA_022788105.1, s__Prevotella sp022788105, 95.0, 75.99, 0.06; GCA_900557405.1, s__Prevotella sp900557405, 95.0, 75.99, 0.03; GCA_018054505.1, s__Prevotella sp018054505, 95.0, 75.98, 0.04; GCA_900547085.1, s__Prevotella sp900547085, 95.0, 75.97, 0.08; GCA_002440225.1, s__Prevotella sp002440225, 95.0, 75.95, 0.03; GCA_934281565.1, s__Prevotella sp934281565, 95.0, 75.92, 0.03; GCA_900550035.1, s__Prevotella sp900550035, 95.0, 75.9, 0.04; GCA_002305505.1, s__Prevotella sp002305505, 95.0, 75.87, 0.04; GCA_900553155.1, s__Prevotella sp900553155, 95.0, 75.83, 0.05; GCA_900543975.1, s__Prevotella sp900543975, 95.0, 75.81, 0.05; GCA_900554835.1, s__Prevotella sp900554835, 95.0, 75.81, 0.03; GCA_004554665.1, s__Prevotella sp004554665, 95.0, 75.77, 0.06; GCA_934230115.1, s__Prevotella sp934230115, 95.0, 75.67, 0.05; GCA_934190685.1, s__Prevotella sp934190685, 95.0, 75.67, 0.04; GCF_000426565.1, s__Prevotella albensis, 95.0, 75.65, 0.04; GCA_934230685.1, s__Prevotella sp934230685, 95.0, 75.53, 0.04; GCA_002405875.1, s__Prevotella sp002405875, 95.0, 75.52, 0.02; GCA_905198745.1, s__Prevotella sp905198745, 95.0, 75.52, 0.06; GCA_905236815.1, s__Prevotella sp905236815, 95.0, 75.51, 0.02; GCA_002451555.1, s__Prevotella sp002451555, 95.0, 75.44, 0.04; GCA_900548535.1, s__Prevotella sp900548535, 95.0, 75.25, 0.03; GCA_900548745.1, s__Prevotella sp900548745, 95.0, 75.22, 0.04	91.94	11	N/A	N/A
bin.19	d__Bacteria;p__Bacillota_C;c__Negativicutes;o__Veillonellales;f__Megasphaeraceae;g__Anaeroglobus;s__Anaeroglobus micronuciformis	GCF_000165735.1	95.0	d__Bacteria;p__Bacillota_C;c__Negativicutes;o__Veillonellales;f__Megasphaeraceae;g__Anaeroglobus;s__Anaeroglobus micronuciformis	98.1	0.92	GCF_000165735.1	95.0	d__Bacteria;p__Bacillota_C;c__Negativicutes;o__Veillonellales;f__Megasphaeraceae;g__Anaeroglobus;s__Anaeroglobus micronuciformis	98.1	0.92	d__Bacteria;p__Bacillota_C;c__Negativicutes;o__Veillonellales;f__Megasphaeraceae;g__Anaeroglobus;s__	taxonomic classification defined by topology and ANI	topological placement and ANI have congruent species assignments	GCF_000239275.1, s__Anaeroglobus geminatus, 95.0, 78.69, 0.32; GCF_900095855.1, s__Anaeroglobus massiliensis, 95.0, 78.19, 0.28; GCF_900240295.1, s__Anaeroglobus vaginalis, 95.0, 77.41, 0.16	89.28	11	N/A	N/A
bin.2	d__Bacteria;p__Bacteroidota;c__Bacteroidia;o__Bacteroidales;f__Bacteroidaceae;g__Alloprevotella;s__Alloprevotella sp905369775	GCA_905369775.1	95.0	d__Bacteria;p__Bacteroidota;c__Bacteroidia;o__Bacteroidales;f__Bacteroidaceae;g__Alloprevotella;s__Alloprevotella sp905369775	96.84	0.87	GCA_905369775.1	95.0	d__Bacteria;p__Bacteroidota;c__Bacteroidia;o__Bacteroidales;f__Bacteroidaceae;g__Alloprevotella;s__Alloprevotella sp905369775	96.84	0.87	d__Bacteria;p__Bacteroidota;c__Bacteroidia;o__Bacteroidales;f__Bacteroidaceae;g__Alloprevotella;s__	taxonomic classification defined by topology and ANI	topological placement and ANI have congruent species assignments	GCA_015257125.1, s__Alloprevotella sp015257125, 95.0, 85.54, 0.78; GCA_916438195.1, s__Alloprevotella sp916438195, 95.0, 79.41, 0.04; GCA_900095835.1, s__Alloprevotella sp900095835, 95.0, 78.09, 0.18; GCA_017478625.1, s__Alloprevotella sp017478625, 95.0, 78.07, 0.02; GCF_014385435.1, s__Alloprevotella sp003639005, 95.0, 78.03, 0.25; GCF_014195585.1, s__Alloprevotella rava, 95.0, 77.87, 0.04; GCF_000318095.2, s__Alloprevotella sp000318095, 95.0, 77.85, 0.17; GCF_003859795.1, s__Alloprevotella sp003859795, 95.0, 77.64, 0.2; GCA_017547385.1, s__Alloprevotella sp017547385, 95.0, 77.6, 0.07; GCA_905371275.1, s__Alloprevotella sp905371275, 95.0, 77.39, 0.15; GCA_022772475.1, s__Alloprevotella sp022772475, 95.0, 77.37, 0.12; GCA_015259235.1, s__Alloprevotella sp015259235, 95.0, 77.35, 0.2; GCA_900546605.1, s__Alloprevotella sp900546605, 95.0, 77.33, 0.03; GCA_018066225.1, s__Alloprevotella sp018066225, 95.0, 77.24, 0.08; GCA_004557185.1, s__Alloprevotella sp004557185, 95.0, 77.17, 0.11; GCA_945788445.1, s__Alloprevotella sp945788445, 95.0, 77.12, 0.16; GCA_022784065.1, s__Alloprevotella sp022784065, 95.0, 77.09, 0.13; GCA_945828345.1, s__Alloprevotella sp945828345, 95.0, 77.07, 0.1; GCA_900770705.1, s__Alloprevotella sp900770705, 95.0, 77.03, 0.08; GCA_004552155.1, s__Alloprevotella sp004552155, 95.0, 77.02, 0.13; GCA_017628555.1, s__Alloprevotella sp017628555, 95.0, 77.01, 0.05; GCA_004557035.1, s__Alloprevotella sp004557035, 95.0, 76.99, 0.12; GCA_900321445.1, s__Alloprevotella sp900321445, 95.0, 76.98, 0.04; GCA_900752815.1, s__Alloprevotella sp900752815, 95.0, 76.9, 0.06; GCA_002314875.1, s__Alloprevotella sp002314875, 95.0, 76.9, 0.05; GCA_004556745.1, s__Alloprevotella sp004556745, 95.0, 76.87, 0.11; GCA_902796835.1, s__Alloprevotella sp902796835, 95.0, 76.87, 0.05; GCA_017461605.1, s__Alloprevotella sp017461605, 95.0, 76.83, 0.08; GCA_017476545.1, s__Alloprevotella sp017476545, 95.0, 76.81, 0.06; GCA_934255485.1, s__Alloprevotella sp934255485, 95.0, 76.81, 0.03; GCA_944322095.1, s__Alloprevotella sp944322095, 95.0, 76.77, 0.1; GCA_905216095.1, s__Alloprevotella sp905216095, 95.0, 76.75, 0.09; GCA_017471505.1, s__Alloprevotella sp017471505, 95.0, 76.74, 0.05; GCA_004562975.1, s__Alloprevotella sp004562975, 95.0, 76.74, 0.09; GCF_002933955.1, s__Alloprevotella sp002933955, 95.0, 76.73, 0.05; GCA_900556465.1, s__Alloprevotella sp900556465, 95.0, 76.73, 0.09; GCF_021531665.1, s__Alloprevotella sp004552865, 95.0, 76.71, 0.07; GCA_018066245.1, s__Alloprevotella sp018066245, 95.0, 76.7, 0.08; GCA_017933995.1, s__Alloprevotella sp017933995, 95.0, 76.69, 0.09; GCA_004555425.1, s__Alloprevotella sp004555425, 95.0, 76.66, 0.08; GCA_017477205.1, s__Alloprevotella sp017477205, 95.0, 76.65, 0.07; GCA_018383375.1, s__Alloprevotella sp018383375, 95.0, 76.65, 0.12; GCA_000437675.1, s__Alloprevotella sp000437675, 95.0, 76.64, 0.07; GCF_900106785.1, s__Alloprevotella timonensis, 95.0, 76.63, 0.06; GCA_024400995.1, s__Alloprevotella sp024400995, 95.0, 76.63, 0.08; GCA_900542795.1, s__Alloprevotella sp900542795, 95.0, 76.62, 0.04; GCA_900772575.1, s__Alloprevotella sp900772575, 95.0, 76.58, 0.1; GCA_900768625.1, s__Alloprevotella sp900768625, 95.0, 76.55, 0.09; GCA_017628775.1, s__Alloprevotella sp017628775, 95.0, 76.55, 0.04; GCA_017425985.1, s__Alloprevotella sp017425985, 95.0, 76.54, 0.06; GCA_900541575.1, s__Alloprevotella sp900541575, 95.0, 76.53, 0.05; GCA_021153165.1, s__Alloprevotella sp021153165, 95.0, 76.53, 0.04; GCA_900539625.1, s__Alloprevotella sp900539625, 95.0, 76.49, 0.08; GCA_009775705.1, s__Alloprevotella sp009775705, 95.0, 76.47, 0.07; GCA_004552195.1, s__Alloprevotella sp004552195, 95.0, 76.46, 0.09; GCA_022508615.1, s__Alloprevotella sp022508615, 95.0, 76.46, 0.1; GCA_018714085.1, s__Alloprevotella pullistercoris, 95.0, 76.45, 0.09; GCA_900541335.1, s__Alloprevotella sp900541335, 95.0, 76.44, 0.04; GCA_945787885.1, s__Alloprevotella sp945787885, 95.0, 76.44, 0.1; GCA_900540885.1, s__Alloprevotella sp900540885, 95.0, 76.43, 0.04; GCA_015259125.1, s__Alloprevotella tannerae_A, 95.0, 76.42, 0.03; GCA_944320745.1, s__Alloprevotella sp944320745, 95.0, 76.41, 0.1; GCA_024401055.1, s__Alloprevotella sp024401055, 95.0, 76.39, 0.08; GCA_900543155.1, s__Alloprevotella sp900543155, 95.0, 76.37, 0.03; GCA_004555055.1, s__Alloprevotella sp004555055, 95.0, 76.34, 0.08; GCA_000431275.1, s__Alloprevotella sp000431275, 95.0, 76.27, 0.08; GCA_900317635.1, s__Alloprevotella sp900317635, 95.0, 76.26, 0.08; GCF_000159995.1, s__Alloprevotella tannerae, 95.0, 76.26, 0.04; GCA_000438115.1, s__Alloprevotella sp000438115, 95.0, 76.25, 0.05; GCA_017543785.1, s__Alloprevotella sp017543785, 95.0, 76.25, 0.03; GCA_017444485.1, s__Alloprevotella sp017444485, 95.0, 76.24, 0.07; GCF_003265305.2, s__Alloprevotella muciniphila, 95.0, 76.24, 0.05; GCA_944322325.1, s__Alloprevotella sp944322325, 95.0, 76.22, 0.08; GCA_945869305.1, s__Alloprevotella sp945869305, 95.0, 76.22, 0.09; GCA_004558535.1, s__Alloprevotella sp004558535, 95.0, 76.22, 0.08; GCA_017383485.1, s__Alloprevotella sp017383485, 95.0, 76.21, 0.04; GCA_900316575.1, s__Alloprevotella sp900316575, 95.0, 76.06, 0.04; GCA_017446765.1, s__Alloprevotella sp017446765, 95.0, 75.96, 0.06; GCA_022788345.1, s__Alloprevotella sp022788345, 95.0, 75.94, 0.05; GCA_900553285.1, s__Alloprevotella sp900553285, 95.0, 75.94, 0.06; GCA_015259305.1, s__Alloprevotella tannerae_B, 95.0, 75.93, 0.04; GCA_017479555.1, s__Alloprevotella sp017479555, 95.0, 75.68, 0.05; GCA_002431845.1, s__Alloprevotella sp002431845, 95.0, 75.67, 0.03	91.04	11	N/A	N/A
bin.20	d__Bacteria;p__Bacteroidota;c__Bacteroidia;o__Flavobacteriales;f__Flavobacteriaceae;g__Capnocytophaga;s__	N/A	N/A	N/A	N/A	N/A	GCF_900446695.1	95.0	d__Bacteria;p__Bacteroidota;c__Bacteroidia;o__Flavobacteriales;f__Flavobacteriaceae;g__Capnocytophaga;s__Capnocytophaga sputigena	94.17	0.86	d__Bacteria;p__Bacteroidota;c__Bacteroidia;o__Flavobacteriales;f__Flavobacteriaceae;g__Capnocytophaga;s__	taxonomic classification defined by topology and ANI	classification based on placement in class-level tree	GCF_016126015.1, s__Capnocytophaga periodontitidis, 95.0, 91.23, 0.84; GCF_000023285.1, s__Capnocytophaga ochracea, 95.0, 83.94, 0.62; GCF_002999135.1, s__Capnocytophaga sp002999135, 95.0, 81.41, 0.44; GCF_000174755.1, s__Capnocytophaga gingivalis, 95.0, 80.84, 0.14; GCF_003054025.1, s__Capnocytophaga leadbetteri, 95.0, 80.69, 0.46; GCF_017565765.1, s__Capnocytophaga bilenii, 95.0, 79.25, 0.34; GCF_000466425.1, s__Capnocytophaga sp000466425, 95.0, 79.09, 0.13; GCF_000192225.1, s__Capnocytophaga sp000192225, 95.0, 79.08, 0.12; GCF_000411115.1, s__Capnocytophaga granulosa, 95.0, 78.63, 0.12; GCA_905372595.1, s__Capnocytophaga sp905372595, 95.0, 78.63, 0.09; GCF_001553545.1, s__Capnocytophaga haemolytica, 95.0, 78.03, 0.16; GCA_915070235.1, s__Capnocytophaga sp915070235, 95.0, 77.88, 0.11; GCF_000827555.1, s__Capnocytophaga canis, 95.0, 77.64, 0.08; GCF_002302565.1, s__Capnocytophaga canimorsus, 95.0, 77.41, 0.08; GCF_002302635.1, s__Capnocytophaga stomatis, 95.0, 77.05, 0.09; GCF_000379185.1, s__Capnocytophaga cynodegmi, 95.0, 77.01, 0.09; GCF_009684755.1, s__Capnocytophaga felis, 95.0, 77.0, 0.09	93.47	11	0.998247482157859	Genome not assigned to closest species as it falls outside its pre-defined ANI radius
bin.21	d__Bacteria;p__Bacteroidota;c__Bacteroidia;o__Bacteroidales;f__Bacteroidaceae;g__Prevotella;s__Prevotella salivae	GCF_000185845.1	95.0	d__Bacteria;p__Bacteroidota;c__Bacteroidia;o__Bacteroidales;f__Bacteroidaceae;g__Prevotella;s__Prevotella salivae	97.07	0.87	GCF_000185845.1	95.0	d__Bacteria;p__Bacteroidota;c__Bacteroidia;o__Bacteroidales;f__Bacteroidaceae;g__Prevotella;s__Prevotella salivae	97.07	0.87	d__Bacteria;p__Bacteroidota;c__Bacteroidia;o__Bacteroidales;f__Bacteroidaceae;g__Prevotella;s__	taxonomic classification defined by topology and ANI	topological placement and ANI have congruent species assignments	GCF_000599605.1, s__Prevotella sp000599605, 95.0, 81.72, 0.18; GCF_900637655.1, s__Prevotella oris, 95.0, 81.57, 0.57; GCF_000382385.1, s__Prevotella maculosa, 95.0, 80.89, 0.31; GCF_000613785.1, s__Prevotella oulorum, 95.0, 80.49, 0.19; GCF_000455445.1, s__Prevotella timonensis, 95.0025, 79.3, 0.08; GCF_003043945.1, s__Prevotella sp003043945, 95.0, 79.25, 0.07; GCF_000426585.1, s__Prevotella baroniae, 95.0, 79.25, 0.07; GCF_900113305.1, s__Prevotella sp900113305, 95.0, 79.14, 0.06; GCF_001553265.1, s__Prevotella sp001553265, 95.0, 78.96, 0.09; GCF_000177075.1, s__Prevotella buccalis, 95.0, 78.94, 0.06; GCA_900199655.1, s__Prevotella sp900199655, 95.0, 78.87, 0.06; GCF_000762405.1, s__Prevotella timonensis_A, 95.0025, 78.82, 0.07; GCF_000613405.1, s__Prevotella enoeca, 95.0, 78.7, 0.07; GCF_000185145.2, s__Prevotella oralis, 95.0, 78.66, 0.06; GCF_000479005.1, s__Prevotella sp000479005, 95.0, 78.55, 0.06; GCF_000184945.1, s__Prevotella buccae, 95.0, 78.55, 0.08; GCA_002439605.1, s__Prevotella sp002439605, 95.0, 78.49, 0.05; GCA_024688365.1, s__Prevotella sp024688365, 95.0, 78.48, 0.06; GCF_017426725.1, s__Prevotella illustrans, 95.0, 78.43, 0.09; GCF_000614065.1, s__Prevotella dentasini, 95.0, 78.34, 0.06; GCA_018053665.1, s__Prevotella sp018053665, 95.0, 78.13, 0.12; GCF_009495355.1, s__Prevotella sp900313215, 95.0, 77.87, 0.07; GCF_015074785.1, s__Prevotella sp015074785, 95.849, 77.83, 0.06; GCA_900316015.1, s__Prevotella sp900316015, 95.0, 77.81, 0.05; GCF_022024235.1, s__Prevotella bryantii, 95.0, 77.78, 0.07; GCF_000613725.1, s__Prevotella pleuritidis, 95.0, 77.72, 0.06; GCA_900553595.1, s__Prevotella sp900553595, 95.0, 77.7, 0.05; GCF_009494135.1, s__Prevotella copri_B, 95.823, 77.67, 0.05; GCF_004535825.1, s__Prevotella hominis, 95.0, 77.66, 0.08; GCA_934202525.1, s__Prevotella sp934202525, 95.1863, 77.65, 0.06; GCA_021640525.1, s__Prevotella copri_C, 95.8451, 77.64, 0.06; GCF_017347605.1, s__Prevotella herbatica, 95.0, 77.64, 0.11; GCF_000373185.1, s__Prevotella paludivivens, 95.0, 77.64, 0.1; GCF_002251365.1, s__Prevotella sp002251365, 95.0, 77.63, 0.04; GCF_019127135.1, s__Prevotella sp900551275, 95.0063, 77.59, 0.06; GCA_934191715.1, s__Prevotella sp934191715, 95.7522, 77.59, 0.06; GCF_002224675.1, s__Prevotella copri_A, 95.0, 77.58, 0.06; GCA_905210845.1, s__Prevotella sp900556825, 95.0, 77.57, 0.05; GCA_021636625.1, s__Prevotella sp021636625, 95.0, 77.5, 0.05; GCF_009494395.1, s__Prevotella sp900546535, 95.0, 77.48, 0.07; GCA_905236755.1, s__Prevotella sp905236755, 95.0, 77.45, 0.08; GCA_934254985.1, s__Prevotella sp934254985, 95.0, 77.44, 0.06; GCF_019249655.1, s__Prevotella sp900767615, 95.0, 77.4, 0.07; GCA_025151535.1, s__Prevotella copri, 95.849, 77.37, 0.06; GCA_902775075.1, s__Prevotella sp902775075, 95.0, 77.36, 0.07; GCA_018054505.1, s__Prevotella sp018054505, 95.0, 77.36, 0.13; GCA_900544825.1, s__Prevotella sp900544825, 95.0, 77.35, 0.06; GCA_900551985.1, s__Prevotella sp900551985, 95.0, 77.35, 0.04; GCF_002251385.1, s__Prevotella sp002251385, 95.0, 77.32, 0.05; GCF_009695775.1, s__Prevotella mizrahii, 95.0, 77.31, 0.04; GCF_000424185.1, s__Prevotella sp000424185, 95.0, 77.26, 0.04; GCA_000435635.1, s__Prevotella avicola, 95.0, 77.19, 0.05; GCF_000426565.1, s__Prevotella albensis, 95.0, 77.11, 0.09; GCA_945863825.1, s__Prevotella sp945863825, 95.0, 77.09, 0.04; GCA_900769055.1, s__Prevotella sp900769055, 95.0, 77.04, 0.04; GCA_022641735.1, s__Prevotella sp022641735, 95.0, 76.99, 0.07; GCA_900557255.1, s__Prevotella sp900557255, 95.0, 76.98, 0.04; GCA_000436915.1, s__Prevotella sp000436915, 95.0, 76.91, 0.05; GCA_002297965.1, s__Prevotella sp002297965, 95.0, 76.88, 0.05; GCA_022769285.1, s__Prevotella sp022769285, 95.0, 76.88, 0.03; GCA_900546345.1, s__Prevotella sp900546345, 95.0, 76.84, 0.04; GCA_934204655.1, s__Prevotella sp934204655, 95.0, 76.81, 0.03; GCA_900317685.1, s__Prevotella sp900317685, 95.0, 76.77, 0.04; GCA_024682415.1, s__Prevotella sp024682415, 95.0, 76.77, 0.06; GCA_004558865.1, s__Prevotella sp004558865, 95.0, 76.73, 0.02; GCA_002481295.1, s__Prevotella sp002481295, 95.0, 76.71, 0.04; GCA_000431975.1, s__Prevotella sp000431975, 95.0, 76.7, 0.04; GCA_900762125.1, s__Prevotella sp900762125, 95.0, 76.69, 0.03; GCF_018789675.1, s__Prevotella faecis, 95.0, 76.69, 0.04; GCA_900771975.1, s__Prevotella sp900771975, 95.0, 76.67, 0.07; GCA_900556795.1, s__Prevotella sp900556795, 95.0, 76.63, 0.04; GCA_900556395.1, s__Prevotella sp900556395, 95.0, 76.62, 0.06; GCA_002440225.1, s__Prevotella sp002440225, 95.0, 76.61, 0.05; GCA_900553465.1, s__Prevotella sp900553465, 95.0, 76.6, 0.04; GCA_934183135.1, s__Prevotella sp934183135, 95.0, 76.59, 0.02; GCA_900770515.1, s__Prevotella sp900770515, 95.0, 76.58, 0.03; GCA_905236815.1, s__Prevotella sp905236815, 95.0, 76.56, 0.06; GCA_934281565.1, s__Prevotella sp934281565, 95.0, 76.56, 0.05; GCA_900765465.1, s__Prevotella sp900765465, 95.0, 76.54, 0.05; GCA_022732315.1, s__Prevotella sp022732315, 95.0, 76.5, 0.04; GCA_000436035.1, s__Prevotella sp000436035, 95.0, 76.49, 0.06; GCA_934120735.1, s__Prevotella sp934120735, 95.0, 76.47, 0.05; GCA_900557035.1, s__Prevotella sp900557035, 95.0, 76.47, 0.04; GCA_900548535.1, s__Prevotella sp900548535, 95.0, 76.46, 0.04; GCA_900770845.1, s__Prevotella sp900770845, 95.0, 76.41, 0.03; GCA_002451555.1, s__Prevotella sp002451555, 95.0, 76.41, 0.06; GCA_900547085.1, s__Prevotella sp900547085, 95.0, 76.37, 0.05; GCA_002405875.1, s__Prevotella sp002405875, 95.0, 76.35, 0.04; GCA_004554665.1, s__Prevotella sp004554665, 95.0, 76.34, 0.04; GCA_021619875.1, s__Prevotella copri_D, 95.4544, 76.24, 0.03; GCA_905198745.1, s__Prevotella sp905198745, 95.0, 76.22, 0.04; GCA_900554835.1, s__Prevotella sp900554835, 95.0, 76.21, 0.05; GCA_900322095.1, s__Prevotella sp900322095, 95.0, 76.16, 0.02; GCA_934196725.1, s__Prevotella sp934196725, 95.0, 76.13, 0.03; GCA_900555035.1, s__Prevotella sp900555035, 95.0, 76.12, 0.04; GCA_900314365.1, s__Prevotella sp900314365, 95.0, 75.94, 0.02; GCA_002437285.1, s__Prevotella sp002437285, 95.0, 75.88, 0.03; GCA_934190685.1, s__Prevotella sp934190685, 95.0, 75.61, 0.05; GCA_900318855.1, s__Prevotella sp900318855, 95.0, 75.57, 0.03	89.63	11	N/A	N/A
bin.22	d__Bacteria;p__Actinomycetota;c__Actinomycetia;o__Mycobacteriales;f__Mycobacteriaceae;g__Corynebacterium;s__Corynebacterium durum	GCF_013410305.1	95.0	d__Bacteria;p__Actinomycetota;c__Actinomycetia;o__Mycobacteriales;f__Mycobacteriaceae;g__Corynebacterium;s__Corynebacterium durum	98.04	0.99	GCF_013410305.1	95.0	d__Bacteria;p__Actinomycetota;c__Actinomycetia;o__Mycobacteriales;f__Mycobacteriaceae;g__Corynebacterium;s__Corynebacterium durum	98.04	0.99	d__Bacteria;p__Actinomycetota;c__Actinomycetia;o__Mycobacteriales;f__Mycobacteriaceae;g__Corynebacterium;s__	taxonomic classification defined by topology and ANI	topological placement and ANI have congruent species assignments	GCF_000590555.1, s__Corynebacterium argentoratense, 95.0, 78.27, 0.14; GCF_003813985.1, s__Corynebacterium gerontici, 95.0, 78.26, 0.11; GCF_001021025.1, s__Corynebacterium epidermidicanis, 95.0, 78.02, 0.12; GCF_001941445.1, s__Corynebacterium aquilae, 95.0, 77.94, 0.16; GCF_900113445.1, s__Corynebacterium spheniscorum, 95.0, 77.93, 0.12; GCF_000980835.1, s__Corynebacterium kutscheri, 95.0, 77.91, 0.05; GCF_003814005.1, s__Corynebacterium pseudopelargi, 95.0, 77.89, 0.12; GCF_014217255.1, s__Corynebacterium incognitum, 95.0, 77.85, 0.09; GCF_019209935.1, s__Corynebacterium sp019209935, 95.0, 77.83, 0.12; GCF_009734385.1, s__Corynebacterium kalinowskii, 95.0, 77.83, 0.12; GCF_014635485.1, s__Corynebacterium pelargi, 95.0, 77.83, 0.12; GCF_001457455.1, s__Corynebacterium diphtheriae, 95.0, 77.8, 0.09; GCF_002994655.1, s__Corynebacterium sp002994655, 95.0, 77.79, 0.18; GCF_000550805.1, s__Corynebacterium vitaeruminis, 95.0, 77.78, 0.15; GCF_024834075.1, s__Corynebacterium sp024834075, 95.0, 77.77, 0.07; GCF_008930665.1, s__Corynebacterium sp008930665, 95.0, 77.76, 0.13; GCF_024834055.1, s__Corynebacterium sp024834055, 95.0, 77.76, 0.06; GCF_004382825.2, s__Corynebacterium silvaticum, 95.0, 77.75, 0.09; GCF_009734425.1, s__Corynebacterium occultum, 95.0, 77.73, 0.13; GCF_000023145.1, s__Corynebacterium kroppenstedtii, 95.0, 77.72, 0.06; GCF_000411375.1, s__Corynebacterium pyruviciproducens, 95.0, 77.7, 0.09; GCF_024580955.1, s__Corynebacterium sp024580955, 95.0, 77.69, 0.13; GCF_900187135.1, s__Corynebacterium ulcerans, 95.0, 77.68, 0.09; GCF_007859215.1, s__Corynebacterium canis, 95.0, 77.68, 0.19; GCF_002155265.1, s__Corynebacterium pseudotuberculosis, 95.0, 77.66, 0.08; GCF_014522205.1, s__Corynebacterium poyangense, 95.0, 77.65, 0.05; GCF_900092335.1, s__Corynebacterium phoceense, 95.0, 77.63, 0.09; GCF_001815935.1, s__Corynebacterium sp001815935, 95.0, 77.63, 0.11; GCF_014117265.1, s__Corynebacterium hindlerae, 95.0, 77.59, 0.14; GCF_001586215.1, s__Corynebacterium simulans, 95.0, 77.59, 0.09; GCA_915275065.1, s__Corynebacterium sp915275065, 95.0, 77.58, 0.08; GCF_016595275.2, s__Corynebacterium sp016595275, 95.0, 77.57, 0.15; GCF_000428805.1, s__Corynebacterium freiburgense, 95.0, 77.55, 0.11; GCF_001020985.1, s__Corynebacterium mustelae, 95.0, 77.55, 0.07; GCF_902702935.1, s__Corynebacterium rouxii, 95.0, 77.54, 0.09; GCF_007672725.1, s__Corynebacterium aurimucosum_C, 95.0, 77.54, 0.11; GCF_000372445.1, s__Corynebacterium ulceribovis, 95.0, 77.53, 0.07; GCA_022772305.1, s__Corynebacterium glucuronolyticum_A, 95.0, 77.53, 0.09; GCF_900176155.1, s__Corynebacterium glucuronolyticum, 95.0, 77.5, 0.08; GCF_000341345.1, s__Corynebacterium halotolerans, 95.0, 77.49, 0.15; GCF_001021045.1, s__Corynebacterium testudinoris, 95.0, 77.48, 0.13; GCF_016342265.1, s__Corynebacterium sp016342265, 95.0, 77.48, 0.15; GCA_943914015.1, s__Corynebacterium sp943914015, 95.0, 77.48, 0.08; GCF_016342275.1, s__Corynebacterium sp016342275, 95.0, 77.47, 0.14; GCF_004795735.1, s__Corynebacterium endometrii, 95.0, 77.47, 0.09; GCF_000011305.1, s__Corynebacterium efficiens, 95.0, 77.46, 0.15; GCF_019754945.1, s__Corynebacterium pseudokroppenstedtii, 95.0, 77.45, 0.07; GCF_000373805.1, s__Corynebacterium pilosum, 95.0, 77.43, 0.08; GCF_003813965.1, s__Corynebacterium choanae, 95.0, 77.43, 0.09; GCF_001277995.1, s__Corynebacterium deserti, 95.0, 77.41, 0.12; GCF_000372385.1, s__Corynebacterium ciconiae, 95.0, 77.41, 0.15; GCF_900177745.1, s__Corynebacterium pollutisoli, 95.0, 77.37, 0.14; GCF_000442645.1, s__Corynebacterium maris, 95.0, 77.37, 0.1; GCF_001412085.1, s__Corynebacterium lowii, 95.0, 77.35, 0.11; GCF_011612265.2, s__Corynebacterium matruchotii, 95.0, 77.34, 0.1; GCA_943912465.1, s__Corynebacterium sp943912465, 95.0, 77.31, 0.05; GCA_945649885.1, s__Corynebacterium sp945649885, 95.0, 77.31, 0.14; GCF_002355155.1, s__Corynebacterium suranareeae, 95.0, 77.3, 0.11; GCF_900169525.1, s__Corynebacterium pacaense, 95.0, 77.29, 0.13; GCF_000379425.1, s__Corynebacterium lubricantis, 95.0, 77.27, 0.08; GCF_001643015.1, s__Corynebacterium crudilactis, 95.0, 77.27, 0.09; GCF_007904105.1, s__Corynebacterium sp007904105, 95.0, 77.27, 0.05; GCF_014267345.1, s__Corynebacterium sp014267345, 95.0, 77.26, 0.11; GCF_000375365.1, s__Corynebacterium mastitidis, 95.0, 77.26, 0.13; GCF_000344785.1, s__Corynebacterium callunae, 95.0, 77.23, 0.1; GCA_003243515.1, s__Corynebacterium kroppenstedtii_B, 95.0, 77.23, 0.06; GCF_000835165.1, s__Corynebacterium marinum, 95.0, 77.22, 0.13; GCF_000819445.1, s__Corynebacterium humireducens, 95.0, 77.19, 0.16; GCF_001412105.1, s__Corynebacterium oculi, 95.0, 77.19, 0.13; GCF_014837045.1, s__Corynebacterium gallinarum, 95.0, 77.19, 0.18; GCF_024919295.1, s__Corynebacterium sp024919295, 95.0, 77.17, 0.14; GCF_020616335.1, s__Corynebacterium uberis, 95.0, 77.17, 0.14; GCF_017307055.1, s__Corynebacterium sp017307055, 95.0, 77.15, 0.12; GCF_019754935.1, s__Corynebacterium parakroppenstedtii, 95.0, 77.12, 0.08; GCF_021568315.1, s__Corynebacterium uropygiale, 95.0, 77.1, 0.1; GCF_024138775.1, s__Corynebacterium aurimucosum, 95.0, 77.09, 0.12; GCF_016894245.1, s__Corynebacterium sp902373425, 95.0, 77.09, 0.06; GCF_000011325.1, s__Corynebacterium glutamicum, 95.0, 77.09, 0.12; GCF_000550785.1, s__Corynebacterium casei, 95.0, 77.09, 0.08; GCF_000732945.1, s__Corynebacterium atypicum, 95.0, 77.06, 0.08; GCF_003955685.1, s__Corynebacterium sp003955685, 95.0, 77.05, 0.15; GCF_017876455.1, s__Corynebacterium freneyi, 95.0, 77.02, 0.12; GCF_003716585.1, s__Corynebacterium alimapuense, 95.0, 77.02, 0.08; GCA_945631445.1, s__Corynebacterium sp945631445, 95.0, 76.99, 0.06; GCF_009734405.1, s__Corynebacterium comes, 95.0, 76.98, 0.14; GCA_943913165.1, s__Corynebacterium sp943913165, 95.0, 76.98, 0.06; GCF_900187295.1, s__Corynebacterium cystitidis, 95.0, 76.95, 0.07; GCF_000159135.1, s__Corynebacterium striatum, 95.0, 76.95, 0.1; GCA_012838715.1, s__Corynebacterium sp012838715, 95.0, 76.94, 0.08; GCF_001941485.1, s__Corynebacterium frankenforstense, 95.0, 76.89, 0.11; GCF_003065405.1, s__Corynebacterium yudongzhengii, 95.0, 76.88, 0.1; GCF_001056295.1, s__Corynebacterium halotolerans_A, 95.0, 76.88, 0.13; GCF_000767055.1, s__Corynebacterium doosanense, 95.0, 76.86, 0.11; GCF_002563965.1, s__Corynebacterium renale, 95.0, 76.84, 0.09; GCA_012837295.1, s__Corynebacterium sp012837295, 95.0, 76.69, 0.09; GCF_000379705.1, s__Corynebacterium caspium, 95.0, 76.64, 0.06; GCF_000183325.1, s__Corynebacterium bovis, 95.0, 76.59, 0.08; GCA_023432405.1, s__Corynebacterium sp023432405, 95.0, 76.59, 0.05; GCA_012838985.1, s__Corynebacterium sp012838985, 95.0, 76.08, 0.12	84.53	11	N/A	N/A
bin.23	d__Bacteria;p__Bacillota;c__Bacilli;o__Mycoplasmatales;f__Metamycoplasmataceae;g__Metamycoplasma;s__	N/A	N/A	N/A	N/A	N/A	N/A	N/A	N/A	N/A	N/A	d__Bacteria;p__Bacillota;c__Bacilli;o__Mycoplasmatales;f__Metamycoplasmataceae;g__Metamycoplasma;s__	ANI	classification based on placement in class-level tree	GCF_003253435.1, s__Metamycoplasma auris, 95.0, 80.19, 0.19; GCF_900660445.2, s__Metamycoplasma salivarium, 95.0, 80.1, 0.42; GCF_900660715.1, s__Metamycoplasma arthritidis, 95.0, 79.49, 0.22; GCF_012934885.1, s__Metamycoplasma phocoeninasale, 95.0, 79.46, 0.25; GCF_900660735.1, s__Metamycoplasma cloacale, 95.0, 79.2, 0.22; GCF_000420105.1, s__Metamycoplasma orale, 95.0, 79.09, 0.34; GCF_003332325.1, s__Metamycoplasma phocidae, 95.0, 78.94, 0.33; GCF_004365165.1, s__Metamycoplasma hyosynoviae, 95.0, 78.89, 0.29; GCF_003855455.1, s__Metamycoplasma struthionis, 95.0, 78.65, 0.33; GCF_003383595.3, s__Metamycoplasma phocicerebrale, 95.0, 78.63, 0.26; GCF_000702805.1, s__Metamycoplasma anseris, 95.0, 78.59, 0.3; GCF_013008815.1, s__Metamycoplasma miroungirhinis, 95.0, 78.47, 0.22; GCF_000367765.1, s__Metamycoplasma auris_A, 95.0, 78.32, 0.24; GCF_003688445.1, s__Metamycoplasma subdolum, 95.0, 78.31, 0.29; GCF_012934855.1, s__Metamycoplasma phocoenae, 95.0, 78.28, 0.11; GCF_017116825.1, s__Metamycoplasma enhydrae, 95.0, 78.28, 0.28; GCF_000085865.1, s__Metamycoplasma hominis, 95.0, 78.21, 0.24; GCF_006385795.1, s__Metamycoplasma falconis, 95.0, 78.17, 0.22; GCF_900660725.1, s__Metamycoplasma arginini_A, 95.0, 78.17, 0.33; GCF_000828855.1, s__Metamycoplasma canadense, 95.0, 78.17, 0.35; GCF_900476125.1, s__Metamycoplasma alkalescens, 95.0, 78.06, 0.35; GCA_016924775.1, s__Metamycoplasma gypis, 95.0, 77.91, 0.25; GCA_000620005.1, s__Metamycoplasma spumans, 95.0, 77.83, 0.28; GCA_006491995.1, s__Metamycoplasma neophronis, 95.0, 77.29, 0.21; GCA_006385185.1, s__Metamycoplasma equirhinis, 95.0, 77.27, 0.27; GCF_018914005.1, s__Metamycoplasma zalophi, 95.0, 77.04, 0.24	61.01	4	0.950707996781344	N/A
bin.24	d__Bacteria;p__Actinomycetota;c__Actinomycetia;o__Actinomycetales;f__Micrococcaceae;g__Rothia;s__Rothia aeria	GCA_002355935.1	95.0	d__Bacteria;p__Actinomycetota;c__Actinomycetia;o__Actinomycetales;f__Micrococcaceae;g__Rothia;s__Rothia aeria	97.64	0.94	GCA_002355935.1	95.0	d__Bacteria;p__Actinomycetota;c__Actinomycetia;o__Actinomycetales;f__Micrococcaceae;g__Rothia;s__Rothia aeria	97.64	0.94	d__Bacteria;p__Actinomycetota;c__Actinomycetia;o__Actinomycetales;f__Micrococcaceae;g__Rothia;s__	taxonomic classification defined by topology and ANI	topological placement and ANI have congruent species assignments	GCF_000164695.2, s__Rothia dentocariosa, 95.0, 84.03, 0.46; GCA_015265375.1, s__Rothia sp015265375, 95.0, 78.85, 0.29; GCF_001061665.1, s__Rothia mucilaginosa_A, 95.0, 78.7, 0.31; GCF_001548235.1, s__Rothia mucilaginosa_B, 95.0, 78.69, 0.3; GCF_024294905.1, s__Rothia sp024294905, 95.0, 78.63, 0.27; GCF_000175615.1, s__Rothia mucilaginosa, 95.0, 78.63, 0.31; GCF_901875305.1, s__Rothia sp902373285, 95.0, 78.61, 0.28; GCF_001808955.1, s__Rothia sp001808955, 95.0, 78.47, 0.31; GCF_004569295.1, s__Rothia nasimurium_B, 95.0, 77.63, 0.11; GCF_014635585.1, s__Rothia aerolata, 95.0, 77.55, 0.12; GCF_016924835.1, s__Rothia sp016924835, 95.0, 77.45, 0.1; GCF_012396615.1, s__Rothia terrae, 95.0, 77.35, 0.09; GCA_019115985.1, s__Rothia avicola, 95.0, 77.32, 0.11; GCF_928391935.1, s__Rothia nasimurium_D, 95.0, 77.25, 0.12; GCF_014217215.1, s__Rothia nasimurium_C, 95.0, 77.25, 0.11; GCF_023712425.1, s__Rothia sp002418375, 95.0, 77.25, 0.08; GCF_928392795.1, s__Rothia nasimurium_F, 95.0, 77.24, 0.11; GCF_014705945.2, s__Rothia amarae, 95.0, 77.23, 0.07; GCA_002492045.1, s__Rothia sp002492045, 95.0, 77.23, 0.11; GCF_928381405.1, s__Rothia nasisuis, 95.0, 77.22, 0.12; GCF_928381705.1, s__Rothia nasimurium_G, 95.0, 77.15, 0.11; GCF_928381505.1, s__Rothia endophytica, 95.0, 77.14, 0.11; GCF_004136575.1, s__Rothia koreensis, 95.0, 77.05, 0.06; GCF_001570865.1, s__Rothia kristinae, 95.0, 76.99, 0.08; GCF_928382285.1, s__Rothia nasimurium_E, 95.0, 76.97, 0.12; GCF_004137765.1, s__Rothia sp004137765, 95.0, 76.95, 0.05; GCF_000710345.2, s__Rothia sp000710345, 95.0, 76.88, 0.07; GCF_013394385.1, s__Rothia sp004136585, 95.0, 76.86, 0.05; GCF_024199905.1, s__Rothia sp024199905, 95.0, 76.79, 0.08; GCF_900169715.1, s__Rothia massiliensis, 95.0, 76.69, 0.07; GCF_004136635.1, s__Rothia halotolerans, 95.0, 76.65, 0.09	82.52	11	N/A	N/A
bin.25	d__Bacteria;p__Bacteroidota;c__Bacteroidia;o__Bacteroidales;f__Bacteroidaceae;g__Prevotella;s__Prevotella oris	GCF_900637655.1	95.0	d__Bacteria;p__Bacteroidota;c__Bacteroidia;o__Bacteroidales;f__Bacteroidaceae;g__Prevotella;s__Prevotella oris	98.19	0.94	GCF_900637655.1	95.0	d__Bacteria;p__Bacteroidota;c__Bacteroidia;o__Bacteroidales;f__Bacteroidaceae;g__Prevotella;s__Prevotella oris	98.19	0.94	d__Bacteria;p__Bacteroidota;c__Bacteroidia;o__Bacteroidales;f__Bacteroidaceae;g__Prevotella;s__	taxonomic classification defined by topology and ANI	topological placement and ANI have congruent species assignments	GCF_000382385.1, s__Prevotella maculosa, 95.0, 80.62, 0.52; GCF_000185845.1, s__Prevotella salivae, 95.0, 80.22, 0.64; GCF_000613785.1, s__Prevotella oulorum, 95.0, 79.52, 0.19; GCF_000613405.1, s__Prevotella enoeca, 95.0, 79.19, 0.09; GCF_000184945.1, s__Prevotella buccae, 95.0, 78.98, 0.11; GCF_000599605.1, s__Prevotella sp000599605, 95.0, 78.71, 0.19; GCF_000426585.1, s__Prevotella baroniae, 95.0, 77.71, 0.12; GCA_900556795.1, s__Prevotella sp900556795, 95.0, 77.7, 0.05; GCA_018053665.1, s__Prevotella sp018053665, 95.0, 77.51, 0.12; GCF_000373185.1, s__Prevotella paludivivens, 95.0, 77.4, 0.12; GCF_017347605.1, s__Prevotella herbatica, 95.0, 77.38, 0.14; GCF_022024235.1, s__Prevotella bryantii, 95.0, 77.28, 0.07; GCA_934254985.1, s__Prevotella sp934254985, 95.0, 77.26, 0.09; GCF_900113305.1, s__Prevotella sp900113305, 95.0, 77.18, 0.06; GCF_002224675.1, s__Prevotella copri_A, 95.0, 77.15, 0.12; GCF_000424185.1, s__Prevotella sp000424185, 95.0, 77.11, 0.07; GCA_934204655.1, s__Prevotella sp934204655, 95.0, 77.1, 0.06; GCA_900544825.1, s__Prevotella sp900544825, 95.0, 77.08, 0.08; GCF_000614065.1, s__Prevotella dentasini, 95.0, 77.07, 0.07; GCF_017426725.1, s__Prevotella illustrans, 95.0, 77.05, 0.12; GCA_021640525.1, s__Prevotella copri_C, 95.8451, 77.05, 0.09; GCA_934183135.1, s__Prevotella sp934183135, 95.0, 77.02, 0.05; GCA_018054505.1, s__Prevotella sp018054505, 95.0, 77.02, 0.11; GCF_000762405.1, s__Prevotella timonensis_A, 95.0025, 77.01, 0.08; GCF_009494395.1, s__Prevotella sp900546535, 95.0, 77.0, 0.12; GCF_019127135.1, s__Prevotella sp900551275, 95.0063, 76.99, 0.1; GCA_900762125.1, s__Prevotella sp900762125, 95.0, 76.99, 0.04; GCF_015074785.1, s__Prevotella sp015074785, 95.849, 76.96, 0.1; GCA_934202525.1, s__Prevotella sp934202525, 95.1863, 76.91, 0.09; GCA_021636625.1, s__Prevotella sp021636625, 95.0, 76.91, 0.09; GCA_905236815.1, s__Prevotella sp905236815, 95.0, 76.89, 0.1; GCF_009495355.1, s__Prevotella sp900313215, 95.0, 76.88, 0.12; GCA_900555035.1, s__Prevotella sp900555035, 95.0, 76.84, 0.06; GCA_000435635.1, s__Prevotella avicola, 95.0, 76.83, 0.04; GCF_009494135.1, s__Prevotella copri_B, 95.823, 76.82, 0.09; GCF_019249655.1, s__Prevotella sp900767615, 95.0, 76.82, 0.11; GCF_004535825.1, s__Prevotella hominis, 95.0, 76.82, 0.1; GCA_000436035.1, s__Prevotella sp000436035, 95.0, 76.81, 0.08; GCA_000436915.1, s__Prevotella sp000436915, 95.0, 76.79, 0.08; GCA_000431975.1, s__Prevotella sp000431975, 95.0, 76.79, 0.06; GCF_009695775.1, s__Prevotella mizrahii, 95.0, 76.78, 0.09; GCA_934191715.1, s__Prevotella sp934191715, 95.7522, 76.77, 0.11; GCA_022732315.1, s__Prevotella sp022732315, 95.0, 76.73, 0.08; GCA_900765465.1, s__Prevotella sp900765465, 95.0, 76.72, 0.04; GCA_900199655.1, s__Prevotella sp900199655, 95.0, 76.72, 0.1; GCA_002439605.1, s__Prevotella sp002439605, 95.0, 76.71, 0.07; GCA_002440225.1, s__Prevotella sp002440225, 95.0, 76.71, 0.08; GCF_003043945.1, s__Prevotella sp003043945, 95.0, 76.7, 0.08; GCA_024688365.1, s__Prevotella sp024688365, 95.0, 76.69, 0.07; GCA_025151535.1, s__Prevotella copri, 95.849, 76.69, 0.1; GCA_900557255.1, s__Prevotella sp900557255, 95.0, 76.69, 0.06; GCA_900557035.1, s__Prevotella sp900557035, 95.0, 76.68, 0.06; GCA_002481295.1, s__Prevotella sp002481295, 95.0, 76.65, 0.07; GCA_024682415.1, s__Prevotella sp024682415, 95.0, 76.63, 0.07; GCA_900551985.1, s__Prevotella sp900551985, 95.0, 76.62, 0.09; GCF_002251385.1, s__Prevotella sp002251385, 95.0, 76.61, 0.07; GCF_000426565.1, s__Prevotella albensis, 95.0, 76.61, 0.11; GCA_905236755.1, s__Prevotella sp905236755, 95.0, 76.59, 0.1; GCA_934120735.1, s__Prevotella sp934120735, 95.0, 76.58, 0.07; GCA_022641735.1, s__Prevotella sp022641735, 95.0, 76.58, 0.09; GCF_018789675.1, s__Prevotella faecis, 95.0, 76.58, 0.07; GCA_900546345.1, s__Prevotella sp900546345, 95.0, 76.57, 0.06; GCA_934196725.1, s__Prevotella sp934196725, 95.0, 76.56, 0.07; GCA_002451555.1, s__Prevotella sp002451555, 95.0, 76.56, 0.07; GCA_902775075.1, s__Prevotella sp902775075, 95.0, 76.53, 0.09; GCF_001553265.1, s__Prevotella sp001553265, 95.0, 76.5, 0.1; GCA_002297965.1, s__Prevotella sp002297965, 95.0, 76.47, 0.08; GCF_000185145.2, s__Prevotella oralis, 95.0, 76.46, 0.09; GCF_002251365.1, s__Prevotella sp002251365, 95.0, 76.39, 0.07; GCA_022769285.1, s__Prevotella sp022769285, 95.0, 76.39, 0.06; GCA_002405875.1, s__Prevotella sp002405875, 95.0, 76.38, 0.05; GCA_900770515.1, s__Prevotella sp900770515, 95.0, 76.38, 0.04; GCA_934281565.1, s__Prevotella sp934281565, 95.0, 76.37, 0.07; GCA_905210845.1, s__Prevotella sp900556825, 95.0, 76.37, 0.06; GCA_002437285.1, s__Prevotella sp002437285, 95.0, 76.37, 0.05; GCA_900548535.1, s__Prevotella sp900548535, 95.0, 76.36, 0.07; GCF_000177075.1, s__Prevotella buccalis, 95.0, 76.31, 0.09; GCA_900553595.1, s__Prevotella sp900553595, 95.0, 76.29, 0.06; GCA_900553465.1, s__Prevotella sp900553465, 95.0, 76.26, 0.04; GCA_900317685.1, s__Prevotella sp900317685, 95.0, 76.19, 0.08; GCA_900547085.1, s__Prevotella sp900547085, 95.0, 76.17, 0.06; GCA_945863825.1, s__Prevotella sp945863825, 95.0, 76.16, 0.05; GCA_900769055.1, s__Prevotella sp900769055, 95.0, 76.16, 0.06; GCA_900771975.1, s__Prevotella sp900771975, 95.0, 76.14, 0.07; GCA_900322095.1, s__Prevotella sp900322095, 95.0, 76.13, 0.06; GCA_900554835.1, s__Prevotella sp900554835, 95.0, 76.13, 0.07; GCF_000479005.1, s__Prevotella sp000479005, 95.0, 76.11, 0.08; GCF_000455445.1, s__Prevotella timonensis, 95.0025, 76.08, 0.08; GCF_000613725.1, s__Prevotella pleuritidis, 95.0, 76.08, 0.06; GCA_900556395.1, s__Prevotella sp900556395, 95.0, 76.08, 0.09; GCA_900316015.1, s__Prevotella sp900316015, 95.0, 76.06, 0.07; GCA_004554665.1, s__Prevotella sp004554665, 95.0, 76.02, 0.07; GCA_934190685.1, s__Prevotella sp934190685, 95.0, 75.86, 0.05; GCA_905198745.1, s__Prevotella sp905198745, 95.0, 75.82, 0.06; GCA_004558865.1, s__Prevotella sp004558865, 95.0, 75.8, 0.04; GCA_900770845.1, s__Prevotella sp900770845, 95.0, 75.79, 0.04; GCA_900318855.1, s__Prevotella sp900318855, 95.0, 75.68, 0.06; GCA_900314365.1, s__Prevotella sp900314365, 95.0, 75.47, 0.05; GCA_021619875.1, s__Prevotella copri_D, 95.4544, 75.46, 0.03	72.33	11	N/A	N/A
bin.26	d__Bacteria;p__Campylobacterota;c__Campylobacteria;o__Campylobacterales;f__Campylobacteraceae;g__Campylobacter_B;s__	N/A	N/A	N/A	N/A	N/A	GCA_022775765.1	95.0	d__Bacteria;p__Campylobacterota;c__Campylobacteria;o__Campylobacterales;f__Campylobacteraceae;g__Campylobacter_B;s__Campylobacter_B sp022775765	76.72	0.11	d__Bacteria;p__Campylobacterota;c__Campylobacteria;o__Campylobacterales;f__Campylobacteraceae;g__Campylobacter_B;s__	taxonomic classification defined by topology and ANI	classification based on placement in class-level tree	GCF_001190745.1, s__Campylobacter_B gracilis, 95.0, 77.55, 0.08; GCF_000017585.1, s__Campylobacter_B hominis, 95.0, 77.51, 0.12; GCF_013372225.1, s__Campylobacter_B ureolyticus, 95.0, 76.91, 0.13; GCF_000413435.1, s__Campylobacter_B ureolyticus_A, 95.0, 76.81, 0.11; GCF_013201645.1, s__Campylobacter_B corcagiensis, 95.0, 76.73, 0.13; GCF_013201685.1, s__Campylobacter_B geochelonis, 95.0, 76.61, 0.19; GCA_905373295.1, s__Campylobacter_B sp905373295, 95.0, 76.61, 0.07; GCA_012519705.1, s__Campylobacter_B sp012519705, 95.0, 76.5, 0.08; GCF_008245005.1, s__Campylobacter_B sputorum, 95.0, 76.5, 0.15; GCA_017469645.1, s__Campylobacter_B sp017469645, 95.0, 76.47, 0.2; GCF_013201895.1, s__Campylobacter_B blaseri, 95.0, 76.4, 0.11; GCF_002220775.1, s__Campylobacter_B sputorum_B, 95.0, 76.34, 0.15; GCA_905373215.1, s__Campylobacter_B sp905373215, 95.0, 76.3, 0.07; GCA_019423325.1, s__Campylobacter_B sp019423325, 95.0, 76.14, 0.09; GCA_017934385.1, s__Campylobacter_B sp017934385, 95.0, 76.08, 0.11; GCF_009690845.1, s__Campylobacter_B portucalensis, 95.0, 75.89, 0.18; GCA_900539505.1, s__Campylobacter_B sp900539505, 95.0, 75.83, 0.09; GCA_018374135.1, s__Campylobacter_B gracilis_A, 95.0, 75.78, 0.07; GCA_012728225.1, s__Campylobacter_B sp012728225, 95.0, 75.49, 0.06	74.5	11	0.9232414866573565	N/A
bin.27	d__Bacteria;p__Pseudomonadota;c__Gammaproteobacteria;o__Cardiobacteriales;f__Cardiobacteriaceae;g__Cardiobacterium;s__Cardiobacterium hominis	GCF_900637305.1	95.0	d__Bacteria;p__Pseudomonadota;c__Gammaproteobacteria;o__Cardiobacteriales;f__Cardiobacteriaceae;g__Cardiobacterium;s__Cardiobacterium hominis	97.44	0.96	GCF_900637305.1	95.0	d__Bacteria;p__Pseudomonadota;c__Gammaproteobacteria;o__Cardiobacteriales;f__Cardiobacteriaceae;g__Cardiobacterium;s__Cardiobacterium hominis	97.44	0.96	d__Bacteria;p__Pseudomonadota;c__Gammaproteobacteria;o__Cardiobacteriales;f__Cardiobacteriaceae;g__Cardiobacterium;s__	taxonomic classification defined by topology and ANI	topological placement and ANI have congruent species assignments	GCF_916618745.1, s__Cardiobacterium sp916618745, 95.0, 82.14, 0.73; GCF_900460955.1, s__Cardiobacterium valvarum, 95.0, 81.54, 0.69	68.9	11	N/A	N/A
bin.28	d__Bacteria;p__Pseudomonadota;c__Gammaproteobacteria;o__Enterobacterales_A;f__Pasteurellaceae;g__Haemophilus_A;s__Haemophilus_A sputorum	GCF_000238795.1	95.0	d__Bacteria;p__Pseudomonadota;c__Gammaproteobacteria;o__Enterobacterales_A;f__Pasteurellaceae;g__Haemophilus_A;s__Haemophilus_A sputorum	97.65	0.97	GCF_000238795.1	95.0	d__Bacteria;p__Pseudomonadota;c__Gammaproteobacteria;o__Enterobacterales_A;f__Pasteurellaceae;g__Haemophilus_A;s__Haemophilus_A sputorum	97.65	0.97	d__Bacteria;p__Pseudomonadota;c__Gammaproteobacteria;o__Enterobacterales_A;f__Pasteurellaceae;g__Haemophilus_A;s__	taxonomic classification defined by topology and ANI	topological placement and ANI have congruent species assignments	GCF_002015045.1, s__Haemophilus_A paraphrohaemolyticus, 95.0, 79.74, 0.46; GCF_002015035.1, s__Haemophilus_A parahaemolyticus, 95.0, 79.63, 0.46; GCA_018373095.1, s__Haemophilus_A parahaemolyticus_A, 95.0, 79.15, 0.41	74.34	11	N/A	N/A
bin.3	d__Bacteria;p__Bacillota_A;c__Clostridia;o__Peptostreptococcales;f__Filifactoraceae;g__Filifactor;s__Filifactor alocis	GCF_000163895.2	95.0	d__Bacteria;p__Bacillota_A;c__Clostridia;o__Peptostreptococcales;f__Filifactoraceae;g__Filifactor;s__Filifactor alocis	98.89	0.98	GCF_000163895.2	95.0	d__Bacteria;p__Bacillota_A;c__Clostridia;o__Peptostreptococcales;f__Filifactoraceae;g__Filifactor;s__Filifactor alocis	98.89	0.98	d__Bacteria;p__Bacillota_A;c__Clostridia;o__Peptostreptococcales;f__Filifactoraceae;g__;s__	taxonomic classification defined by topology and ANI	topological placement and ANI have congruent species assignments	N/A	90.88	11	N/A	N/A
bin.4	d__Bacteria;p__Bacteroidota;c__Bacteroidia;o__Bacteroidales;f__Paludibacteraceae;g__F0058;s__F0058 sp000163695	GCA_000163695.1	95.0	d__Bacteria;p__Bacteroidota;c__Bacteroidia;o__Bacteroidales;f__Paludibacteraceae;g__F0058;s__F0058 sp000163695	97.44	0.94	GCA_000163695.1	95.0	d__Bacteria;p__Bacteroidota;c__Bacteroidia;o__Bacteroidales;f__Paludibacteraceae;g__F0058;s__F0058 sp000163695	97.44	0.94	d__Bacteria;p__Bacteroidota;c__Bacteroidia;o__Bacteroidales;f__Paludibacteraceae;g__F0058;s__	taxonomic classification defined by topology and ANI	topological placement and ANI have congruent species assignments	GCA_905372135.1, s__F0058 sp905372135, 95.0, 88.82, 0.45; GCA_905372605.1, s__F0058 sp905372605, 95.0, 79.4, 0.28; GCA_000768855.1, s__F0058 sp000768855, 95.0, 78.1, 0.27	85.82	11	N/A	N/A
bin.5	d__Bacteria;p__Bacteroidota;c__Bacteroidia;o__Bacteroidales;f__Bacteroidaceae;g__Prevotella;s__Prevotella sp015256945	GCA_015256945.1	95.0	d__Bacteria;p__Bacteroidota;c__Bacteroidia;o__Bacteroidales;f__Bacteroidaceae;g__Prevotella;s__Prevotella sp015256945	97.99	0.92	GCA_015256945.1	95.0	d__Bacteria;p__Bacteroidota;c__Bacteroidia;o__Bacteroidales;f__Bacteroidaceae;g__Prevotella;s__Prevotella sp015256945	97.99	0.92	d__Bacteria;p__Bacteroidota;c__Bacteroidia;o__Bacteroidales;f__Bacteroidaceae;g__Prevotella;s__	taxonomic classification defined by topology and ANI	topological placement and ANI have congruent species assignments	GCA_013333935.1, s__Prevotella sp013333935, 95.0, 83.69, 0.73; GCA_013333285.2, s__Prevotella sp013333285, 95.0, 82.59, 0.73; GCF_017426725.1, s__Prevotella illustrans, 95.0, 77.67, 0.04; GCA_022778905.1, s__Prevotella sp022778905, 95.0, 77.57, 0.04; GCA_002439605.1, s__Prevotella sp002439605, 95.0, 77.32, 0.03; GCA_902775075.1, s__Prevotella sp902775075, 95.0, 77.29, 0.05; GCA_001552765.1, s__Prevotella sp001552765, 95.0, 77.23, 0.07; GCA_900546345.1, s__Prevotella sp900546345, 95.0, 77.18, 0.04; GCF_002251385.1, s__Prevotella sp002251385, 95.0, 77.15, 0.04; GCA_022641735.1, s__Prevotella sp022641735, 95.0, 77.08, 0.05; GCF_000518545.1, s__Prevotella seregens, 95.0, 77.08, 0.08; GCA_900319905.1, s__Prevotella sp900319905, 95.0, 77.08, 0.06; GCA_900199655.1, s__Prevotella sp900199655, 95.0, 77.05, 0.06; GCF_000614065.1, s__Prevotella dentasini, 95.0, 77.01, 0.05; GCA_900540375.1, s__Prevotella sp900540375, 95.0, 76.98, 0.05; GCF_003043945.1, s__Prevotella sp003043945, 95.0, 76.97, 0.05; GCA_002305235.1, s__Prevotella sp002305235, 95.0, 76.97, 0.05; GCF_000426585.1, s__Prevotella baroniae, 95.0, 76.96, 0.04; GCF_000184945.1, s__Prevotella buccae, 95.0, 76.92, 0.05; GCA_002440225.1, s__Prevotella sp002440225, 95.0, 76.9, 0.03; GCA_900315955.1, s__Prevotella sp900315955, 95.0, 76.88, 0.06; GCF_001553265.1, s__Prevotella sp001553265, 95.0, 76.86, 0.06; GCF_018789675.1, s__Prevotella faecis, 95.0, 76.86, 0.05; GCA_900322035.1, s__Prevotella sp900322035, 95.0, 76.82, 0.04; GCA_016901395.1, s__Prevotella sp016901395, 95.0, 76.81, 0.09; GCF_000218235.1, s__Prevotella multisaccharivorax, 95.0, 76.8, 0.06; GCF_000426565.1, s__Prevotella albensis, 95.0, 76.8, 0.06; GCA_900762125.1, s__Prevotella sp900762125, 95.0, 76.79, 0.05; GCF_003096815.1, s__Prevotella colorans, 95.0, 76.79, 0.06; GCF_000160535.1, s__Prevotella bergensis, 95.0, 76.77, 0.06; GCF_009495355.1, s__Prevotella sp900313215, 95.0, 76.76, 0.04; GCA_018054505.1, s__Prevotella sp018054505, 95.0, 76.75, 0.05; GCA_022769285.1, s__Prevotella sp022769285, 95.0, 76.73, 0.04; GCF_009695775.1, s__Prevotella mizrahii, 95.0, 76.72, 0.07; GCA_002353825.1, s__Prevotella sp002353825, 95.0, 76.71, 0.06; GCA_900316015.1, s__Prevotella sp900316015, 95.0, 76.69, 0.05; GCA_023425865.1, s__Prevotella sp023425865, 95.0, 76.67, 0.07; GCA_002407775.1, s__Prevotella sp002407775, 95.0, 76.67, 0.05; GCF_000613405.1, s__Prevotella enoeca, 95.0, 76.65, 0.05; GCF_000758925.1, s__Prevotella sp000758925, 95.0, 76.64, 0.05; GCA_000431975.1, s__Prevotella sp000431975, 95.0, 76.61, 0.05; GCF_900113305.1, s__Prevotella sp900113305, 95.0, 76.6, 0.04; GCA_021640525.1, s__Prevotella copri_C, 95.8451, 76.56, 0.05; GCA_900770845.1, s__Prevotella sp900770845, 95.0, 76.55, 0.03; GCF_000613725.1, s__Prevotella pleuritidis, 95.0, 76.55, 0.05; GCA_900557255.1, s__Prevotella sp900557255, 95.0, 76.53, 0.03; GCA_900771975.1, s__Prevotella sp900771975, 95.0, 76.53, 0.04; GCA_900544825.1, s__Prevotella sp900544825, 95.0, 76.53, 0.04; GCF_004535825.1, s__Prevotella hominis, 95.0, 76.52, 0.06; GCA_021636625.1, s__Prevotella sp021636625, 95.0, 76.5, 0.04; GCA_934191715.1, s__Prevotella sp934191715, 95.7522, 76.49, 0.05; GCF_019127135.1, s__Prevotella sp900551275, 95.0063, 76.49, 0.05; GCA_900317685.1, s__Prevotella sp900317685, 95.0, 76.49, 0.07; GCF_000185145.2, s__Prevotella oralis, 95.0, 76.48, 0.05; GCA_002317385.1, s__Prevotella sp002317385, 95.0, 76.48, 0.07; GCF_002251365.1, s__Prevotella sp002251365, 95.0, 76.44, 0.04; GCA_025151535.1, s__Prevotella copri, 95.849, 76.41, 0.05; GCA_002451555.1, s__Prevotella sp002451555, 95.0, 76.38, 0.03; GCA_902792635.1, s__Prevotella sp902792635, 95.0, 76.34, 0.06; GCF_019249655.1, s__Prevotella sp900767615, 95.0, 76.33, 0.04; GCA_934204655.1, s__Prevotella sp934204655, 95.0, 76.32, 0.05; GCA_934254985.1, s__Prevotella sp934254985, 95.0, 76.32, 0.05; GCA_022769825.1, s__Prevotella sp002299635, 95.0, 76.3, 0.06; GCA_002437115.1, s__Prevotella sp002437115, 95.0, 76.28, 0.05; GCF_015074785.1, s__Prevotella sp015074785, 95.849, 76.26, 0.05; GCA_000436915.1, s__Prevotella sp000436915, 95.0, 76.25, 0.05; GCA_900315835.1, s__Prevotella sp900315835, 95.0, 76.24, 0.06; GCA_002437285.1, s__Prevotella sp002437285, 95.0, 76.24, 0.04; GCF_009494135.1, s__Prevotella copri_B, 95.823, 76.23, 0.03; GCA_002481295.1, s__Prevotella sp002481295, 95.0, 76.22, 0.07; GCA_934183135.1, s__Prevotella sp934183135, 95.0, 76.21, 0.03; GCA_905236815.1, s__Prevotella sp905236815, 95.0, 76.21, 0.04; GCA_934281565.1, s__Prevotella sp934281565, 95.0, 76.21, 0.02; GCA_900543585.1, s__Prevotella sp900543585, 95.0, 76.2, 0.07; GCF_002224675.1, s__Prevotella copri_A, 95.0, 76.12, 0.04; GCF_009494395.1, s__Prevotella sp900546535, 95.0, 76.09, 0.05; GCA_900314365.1, s__Prevotella sp900314365, 95.0, 76.08, 0.03; GCA_900548535.1, s__Prevotella sp900548535, 95.0, 76.07, 0.03; GCA_004554665.1, s__Prevotella sp004554665, 95.0, 76.06, 0.03; GCA_905210845.1, s__Prevotella sp900556825, 95.0, 76.04, 0.04; GCA_945863825.1, s__Prevotella sp945863825, 95.0, 76.04, 0.04; GCA_900556395.1, s__Prevotella sp900556395, 95.0, 76.03, 0.04; GCA_002437565.1, s__Prevotella sp002437565, 95.0, 76.01, 0.05; GCA_900554835.1, s__Prevotella sp900554835, 95.0, 76.01, 0.04; GCA_900322095.1, s__Prevotella sp900322095, 95.0, 75.99, 0.03; GCA_934202525.1, s__Prevotella sp934202525, 95.1863, 75.97, 0.04; GCA_002297965.1, s__Prevotella sp002297965, 95.0, 75.96, 0.03; GCA_900769055.1, s__Prevotella sp900769055, 95.0, 75.88, 0.04; GCA_004558865.1, s__Prevotella sp004558865, 95.0, 75.86, 0.04; GCA_900317545.1, s__Prevotella sp900317545, 95.0, 75.81, 0.03; GCA_000436035.1, s__Prevotella sp000436035, 95.0, 75.8, 0.04; GCA_934196725.1, s__Prevotella sp934196725, 95.0, 75.74, 0.03; GCA_900318855.1, s__Prevotella sp900318855, 95.0, 75.73, 0.04; GCA_900555035.1, s__Prevotella sp900555035, 95.0, 75.72, 0.03; GCA_002405875.1, s__Prevotella sp002405875, 95.0, 75.61, 0.02; GCA_900556795.1, s__Prevotella sp900556795, 95.0, 75.58, 0.02; GCA_021619875.1, s__Prevotella copri_D, 95.4544, 75.37, 0.02; GCA_900770515.1, s__Prevotella sp900770515, 95.0, 75.16, 0.04; GCA_900765465.1, s__Prevotella sp900765465, 95.0, 74.93, 0.02	79.29	11	N/A	N/A
bin.6	d__Bacteria;p__Bacteroidota;c__Bacteroidia;o__Bacteroidales;f__Porphyromonadaceae;g__Porphyromonas;s__Porphyromonas gingivalis	GCF_000010505.1	95.0	d__Bacteria;p__Bacteroidota;c__Bacteroidia;o__Bacteroidales;f__Porphyromonadaceae;g__Porphyromonas;s__Porphyromonas gingivalis	98.52	0.97	GCF_000010505.1	95.0	d__Bacteria;p__Bacteroidota;c__Bacteroidia;o__Bacteroidales;f__Porphyromonadaceae;g__Porphyromonas;s__Porphyromonas gingivalis	98.52	0.97	d__Bacteria;p__Bacteroidota;c__Bacteroidia;o__Bacteroidales;f__Porphyromonadaceae;g__Porphyromonas;s__	taxonomic classification defined by topology and ANI	topological placement and ANI have congruent species assignments	GCF_000378065.1, s__Porphyromonas gulae, 95.0, 92.43, 0.92; GCF_003096695.1, s__Porphyromonas loveana, 95.0, 78.94, 0.42; GCF_000174815.1, s__Porphyromonas endodontalis, 95.0, 78.0, 0.04; GCA_003640335.1, s__Porphyromonas sp003640335, 95.0, 77.98, 0.01; GCF_000769075.1, s__Porphyromonas sp000769075, 95.0, 77.7, 0.05; GCF_900167105.1, s__Porphyromonas circumdentaria, 95.0, 77.64, 0.04; GCF_900167225.1, s__Porphyromonas crevioricanis, 95.0, 77.6, 0.05; GCA_945867245.1, s__Porphyromonas sp945867245, 95.0, 77.57, 0.02; GCF_000614585.1, s__Porphyromonas gingivicanis, 95.0, 77.57, 0.03; GCA_001552775.1, s__Porphyromonas sp001552775, 95.0, 77.49, 0.02; GCA_900539765.1, s__Porphyromonas sp900539765, 95.0, 77.43, 0.03; GCF_000379945.1, s__Porphyromonas macacae, 95.0, 77.39, 0.07; GCF_000565015.1, s__Porphyromonas catoniae, 95.0, 77.18, 0.04; GCA_943912835.1, s__Porphyromonas sp943912835, 95.0, 77.13, 0.03; GCA_023396255.1, s__Porphyromonas sp023396255, 95.0, 77.12, 0.04; GCF_000768875.1, s__Porphyromonas sp000768875, 95.0, 77.12, 0.04; GCA_900546675.1, s__Porphyromonas sp900546675, 95.0, 77.06, 0.02; GCA_905372525.1, s__Porphyromonas sp905372525, 95.0, 76.97, 0.04; GCF_000174775.1, s__Porphyromonas uenonis_A, 95.0, 76.86, 0.03; GCF_018127745.1, s__Porphyromonas sp018127745, 95.0, 76.85, 0.04; GCF_000212375.1, s__Porphyromonas asaccharolytica, 95.0, 76.83, 0.03; GCF_000482365.1, s__Porphyromonas uenonis, 95.0, 76.82, 0.03; GCF_014647755.1, s__Porphyromonas pasteri, 95.0, 76.73, 0.04; GCF_000467855.2, s__Porphyromonas sp000467855, 95.0, 76.67, 0.04; GCA_900548415.1, s__Porphyromonas sp900548415, 95.0, 76.63, 0.02; GCA_023389855.1, s__Porphyromonas sp023389855, 95.0, 76.61, 0.02; GCA_945875135.1, s__Porphyromonas sp945875135, 95.0, 76.61, 0.03; GCA_915070105.1, s__Porphyromonas sp915070105, 95.0, 76.59, 0.04; GCA_900538385.1, s__Porphyromonas sp900538385, 95.0, 76.51, 0.03; GCA_022772085.1, s__Porphyromonas sp022772085, 95.0, 76.44, 0.04; GCA_927910985.1, s__Porphyromonas sp927910985, 95.0, 76.41, 0.04; GCA_905372565.1, s__Porphyromonas sp905372565, 95.0, 76.05, 0.04; GCA_900539155.1, s__Porphyromonas sp900539155, 95.0, 75.6, 0.02	94.28	11	N/A	N/A
bin.7	d__Bacteria;p__Bacillota_A;c__Clostridia;o__Lachnospirales;f__Lachnospiraceae;g__Stomatobaculum;s__Stomatobaculum longum	GCA_000242235.1	95.0	d__Bacteria;p__Bacillota_A;c__Clostridia;o__Lachnospirales;f__Lachnospiraceae;g__Stomatobaculum;s__Stomatobaculum longum	95.79	0.93	GCA_000242235.1	95.0	d__Bacteria;p__Bacillota_A;c__Clostridia;o__Lachnospirales;f__Lachnospiraceae;g__Stomatobaculum;s__Stomatobaculum longum	95.79	0.93	d__Bacteria;p__Bacillota_A;c__Clostridia;o__Lachnospirales;f__Lachnospiraceae;g__Stomatobaculum;s__	taxonomic classification defined by topology and ANI	topological placement and ANI have congruent species assignments	GCA_916439095.1, s__Stomatobaculum sp916439095, 95.0, 87.76, 0.82; GCA_905370385.1, s__Stomatobaculum longum_A, 95.0, 86.35, 0.81; GCA_003014445.1, s__Stomatobaculum naviforme, 95.0, 77.98, 0.21; GCA_902793685.1, s__Stomatobaculum sp902793685, 95.0, 77.92, 0.16; GCA_002892395.1, s__Stomatobaculum sp002892395, 95.0, 77.67, 0.1; GCA_902766175.1, s__Stomatobaculum sp902766175, 95.0, 77.41, 0.18; GCA_902780465.1, s__Stomatobaculum sp902780465, 95.0, 77.28, 0.11; GCA_017449925.1, s__Stomatobaculum sp017449925, 95.0, 76.58, 0.12; GCA_902766415.1, s__Stomatobaculum sp902766415, 95.0, 76.57, 0.11	91.36	11	N/A	N/A
bin.8	d__Bacteria;p__Bacillota_A;c__Clostridia;o__Lachnospirales;f__Lachnospiraceae;g__F0428;s__F0428 sp003043955	GCA_018141845.1	95.0	d__Bacteria;p__Bacillota_A;c__Clostridia;o__Lachnospirales;f__Lachnospiraceae;g__F0428;s__F0428 sp003043955	98.42	0.96	GCA_018141845.1	95.0	d__Bacteria;p__Bacillota_A;c__Clostridia;o__Lachnospirales;f__Lachnospiraceae;g__F0428;s__F0428 sp003043955	98.42	0.96	d__Bacteria;p__Bacillota_A;c__Clostridia;o__Lachnospirales;f__Lachnospiraceae;g__;s__	taxonomic classification defined by topology and ANI	topological placement and ANI have congruent species assignments	N/A	92.19	11	N/A	N/A
bin.9	d__Bacteria;p__Bacteroidota;c__Bacteroidia;o__Bacteroidales;f__Tannerellaceae;g__Tannerella;s__Tannerella forsythia	GCF_001006485.1	95.0	d__Bacteria;p__Bacteroidota;c__Bacteroidia;o__Bacteroidales;f__Tannerellaceae;g__Tannerella;s__Tannerella forsythia	99.08	0.97	GCF_001006485.1	95.0	d__Bacteria;p__Bacteroidota;c__Bacteroidia;o__Bacteroidales;f__Tannerellaceae;g__Tannerella;s__Tannerella forsythia	99.08	0.97	d__Bacteria;p__Bacteroidota;c__Bacteroidia;o__Bacteroidales;f__Tannerellaceae;g__Tannerella;s__	taxonomic classification defined by topology and ANI	topological placement and ANI have congruent species assignments	GCF_003860135.1, s__Tannerella forsythia_A, 95.0, 88.28, 0.8; GCA_002890585.1, s__Tannerella sp002890585, 95.0, 76.93, 0.09; GCF_003033925.1, s__Tannerella serpentiformis, 95.0, 76.92, 0.08; GCA_003517945.1, s__Tannerella sp003517945, 95.0, 76.68, 0.04	92.95	11	N/A	N/A
