community	medium	receiver	donor	compound	scs	mus	mps	smetana
all	minimal	B_bin.1	B_bin.10	M_acald_e	0.7	0.02	1	0.013999999999999999
all	minimal	B_bin.1	B_bin.10	M_fe2_e	0.7	1.0	1	0.7
all	minimal	B_bin.1	B_bin.10	M_fe3_e	0.7	0.01	1	0.006999999999999999
all	minimal	B_bin.1	B_bin.10	M_gal_e	0.7	0.28	1	0.196
all	minimal	B_bin.1	B_bin.10	M_glyc_e	0.7	0.02	1	0.013999999999999999
all	minimal	B_bin.1	B_bin.10	M_h2s_e	0.7	0.04	1	0.027999999999999997
all	minimal	B_bin.1	B_bin.10	M_h_e	0.7	0.03	1	0.020999999999999998
all	minimal	B_bin.1	B_bin.10	M_nh4_e	0.7	0.01	1	0.006999999999999999
all	minimal	B_bin.1	B_bin.10	M_o2_e	0.7	0.4	1	0.27999999999999997
all	minimal	B_bin.1	B_bin.11	M_acald_e	0.09	0.02	1	0.0018
all	minimal	B_bin.1	B_bin.11	M_cys__L_e	0.09	0.27	1	0.024300000000000002
all	minimal	B_bin.1	B_bin.11	M_fe2_e	0.09	1.0	1	0.09
all	minimal	B_bin.1	B_bin.11	M_fe3_e	0.09	0.01	1	0.0009
all	minimal	B_bin.1	B_bin.11	M_glc__D_e	0.09	0.01	1	0.0009
all	minimal	B_bin.1	B_bin.11	M_h_e	0.09	0.03	1	0.0026999999999999997
all	minimal	B_bin.1	B_bin.11	M_nh4_e	0.09	0.01	1	0.0009
all	minimal	B_bin.1	B_bin.12	M_acald_e	0.05	0.02	1	0.001
all	minimal	B_bin.1	B_bin.12	M_fe2_e	0.05	1.0	1	0.05
all	minimal	B_bin.1	B_bin.12	M_fe3_e	0.05	0.01	1	0.0005
all	minimal	B_bin.1	B_bin.12	M_glyc_e	0.05	0.02	1	0.001
all	minimal	B_bin.1	B_bin.12	M_h2s_e	0.05	0.04	1	0.002
all	minimal	B_bin.1	B_bin.12	M_h_e	0.05	0.03	1	0.0015
all	minimal	B_bin.1	B_bin.12	M_nh4_e	0.05	0.01	1	0.0005
all	minimal	B_bin.1	B_bin.12	M_o2_e	0.05	0.4	1	0.020000000000000004
all	minimal	B_bin.1	B_bin.14	M_acald_e	0.05	0.02	1	0.001
all	minimal	B_bin.1	B_bin.14	M_anhgm_e	0.05	0.02	1	0.001
all	minimal	B_bin.1	B_bin.14	M_cellb_e	0.05	0.32	1	0.016
all	minimal	B_bin.1	B_bin.14	M_fe2_e	0.05	1.0	1	0.05
all	minimal	B_bin.1	B_bin.14	M_fe3_e	0.05	0.01	1	0.0005
all	minimal	B_bin.1	B_bin.14	M_glc__D_e	0.05	0.01	1	0.0005
all	minimal	B_bin.1	B_bin.14	M_glyc_e	0.05	0.02	1	0.001
all	minimal	B_bin.1	B_bin.14	M_h2s_e	0.05	0.04	1	0.002
all	minimal	B_bin.1	B_bin.14	M_h_e	0.05	0.03	1	0.0015
all	minimal	B_bin.1	B_bin.14	M_nh4_e	0.05	0.01	1	0.0005
all	minimal	B_bin.1	B_bin.14	M_o2_e	0.05	0.4	1	0.020000000000000004
all	minimal	B_bin.1	B_bin.15	M_acald_e	0.05	0.02	1	0.001
all	minimal	B_bin.1	B_bin.15	M_fe2_e	0.05	1.0	1	0.05
all	minimal	B_bin.1	B_bin.15	M_fe3_e	0.05	0.01	1	0.0005
all	minimal	B_bin.1	B_bin.15	M_h_e	0.05	0.03	1	0.0015
all	minimal	B_bin.1	B_bin.15	M_nh4_e	0.05	0.01	1	0.0005
all	minimal	B_bin.1	B_bin.17	M_4abz_e	0.04	0.06	1	0.0024
all	minimal	B_bin.1	B_bin.17	M_acald_e	0.04	0.02	1	0.0008
all	minimal	B_bin.1	B_bin.17	M_alaala_e	0.04	0.01	1	0.0004
all	minimal	B_bin.1	B_bin.17	M_anhgm_e	0.04	0.02	1	0.0008
all	minimal	B_bin.1	B_bin.17	M_cys__L_e	0.04	0.27	1	0.0108
all	minimal	B_bin.1	B_bin.17	M_fe3_e	0.04	0.01	1	0.0004
all	minimal	B_bin.1	B_bin.17	M_glc__D_e	0.04	0.01	1	0.0004
all	minimal	B_bin.1	B_bin.17	M_glyc_e	0.04	0.02	1	0.0008
all	minimal	B_bin.1	B_bin.17	M_h2s_e	0.04	0.04	1	0.0016
all	minimal	B_bin.1	B_bin.17	M_h_e	0.04	0.03	1	0.0012
all	minimal	B_bin.1	B_bin.17	M_nh4_e	0.04	0.01	1	0.0004
all	minimal	B_bin.1	B_bin.17	M_o2_e	0.04	0.4	1	0.016
all	minimal	B_bin.1	B_bin.18	M_acald_e	0.05	0.02	1	0.001
all	minimal	B_bin.1	B_bin.18	M_anhgm_e	0.05	0.02	1	0.001
all	minimal	B_bin.1	B_bin.18	M_fe2_e	0.05	1.0	1	0.05
all	minimal	B_bin.1	B_bin.18	M_fe3_e	0.05	0.01	1	0.0005
all	minimal	B_bin.1	B_bin.18	M_glyc_e	0.05	0.02	1	0.001
all	minimal	B_bin.1	B_bin.18	M_h2s_e	0.05	0.04	1	0.002
all	minimal	B_bin.1	B_bin.18	M_h_e	0.05	0.03	1	0.0015
all	minimal	B_bin.1	B_bin.18	M_nh4_e	0.05	0.01	1	0.0005
all	minimal	B_bin.1	B_bin.18	M_o2_e	0.05	0.4	1	0.020000000000000004
all	minimal	B_bin.1	B_bin.20	M_anhgm_e	0.48	0.02	1	0.0096
all	minimal	B_bin.1	B_bin.20	M_fe2_e	0.48	1.0	1	0.48
all	minimal	B_bin.1	B_bin.20	M_fe3_e	0.48	0.01	1	0.0048
all	minimal	B_bin.1	B_bin.20	M_glc__D_e	0.48	0.01	1	0.0048
all	minimal	B_bin.1	B_bin.20	M_glu__L_e	0.48	0.01	1	0.0048
all	minimal	B_bin.1	B_bin.20	M_h2s_e	0.48	0.04	1	0.0192
all	minimal	B_bin.1	B_bin.20	M_h_e	0.48	0.03	1	0.0144
all	minimal	B_bin.1	B_bin.20	M_leu__L_e	0.48	1.0	1	0.48
all	minimal	B_bin.1	B_bin.20	M_nh4_e	0.48	0.01	1	0.0048
all	minimal	B_bin.1	B_bin.20	M_thr__L_e	0.48	0.03	1	0.0144
all	minimal	B_bin.1	B_bin.21	M_acald_e	0.04	0.02	1	0.0008
all	minimal	B_bin.1	B_bin.21	M_cys__L_e	0.04	0.27	1	0.0108
all	minimal	B_bin.1	B_bin.21	M_fe2_e	0.04	1.0	1	0.04
all	minimal	B_bin.1	B_bin.21	M_fe3_e	0.04	0.01	1	0.0004
all	minimal	B_bin.1	B_bin.21	M_h2s_e	0.04	0.04	1	0.0016
all	minimal	B_bin.1	B_bin.21	M_h_e	0.04	0.03	1	0.0012
all	minimal	B_bin.1	B_bin.21	M_nh4_e	0.04	0.01	1	0.0004
all	minimal	B_bin.1	B_bin.23	M_4abz_e	0.54	0.06	1	0.0324
all	minimal	B_bin.1	B_bin.23	M_LalaDgluMdapDala_e	0.54	0.88	1	0.4752
all	minimal	B_bin.1	B_bin.23	M_acald_e	0.54	0.02	1	0.0108
all	minimal	B_bin.1	B_bin.23	M_anhgm_e	0.54	0.02	1	0.0108
all	minimal	B_bin.1	B_bin.23	M_arg__L_e	0.54	1.0	1	0.54
all	minimal	B_bin.1	B_bin.23	M_fe2_e	0.54	1.0	1	0.54
all	minimal	B_bin.1	B_bin.23	M_fe3_e	0.54	0.01	1	0.0054
all	minimal	B_bin.1	B_bin.23	M_gam6p_e	0.54	0.44	1	0.2376
all	minimal	B_bin.1	B_bin.23	M_glyc_e	0.54	0.02	1	0.0108
all	minimal	B_bin.1	B_bin.23	M_h2s_e	0.54	0.04	1	0.0216
all	minimal	B_bin.1	B_bin.23	M_h_e	0.54	0.03	1	0.0162
all	minimal	B_bin.1	B_bin.23	M_leu__L_e	0.54	1.0	1	0.54
all	minimal	B_bin.1	B_bin.23	M_nh4_e	0.54	0.01	1	0.0054
all	minimal	B_bin.1	B_bin.23	M_o2_e	0.54	0.4	1	0.21600000000000003
all	minimal	B_bin.1	B_bin.24	M_4abz_e	0.04	0.06	1	0.0024
all	minimal	B_bin.1	B_bin.24	M_acald_e	0.04	0.02	1	0.0008
all	minimal	B_bin.1	B_bin.24	M_alaala_e	0.04	0.01	1	0.0004
all	minimal	B_bin.1	B_bin.24	M_anhgm_e	0.04	0.02	1	0.0008
all	minimal	B_bin.1	B_bin.24	M_fe2_e	0.04	1.0	1	0.04
all	minimal	B_bin.1	B_bin.24	M_fe3_e	0.04	0.01	1	0.0004
all	minimal	B_bin.1	B_bin.24	M_gal_e	0.04	0.28	1	0.011200000000000002
all	minimal	B_bin.1	B_bin.24	M_glc__D_e	0.04	0.01	1	0.0004
all	minimal	B_bin.1	B_bin.24	M_glyc_e	0.04	0.02	1	0.0008
all	minimal	B_bin.1	B_bin.24	M_h2s_e	0.04	0.04	1	0.0016
all	minimal	B_bin.1	B_bin.24	M_nh4_e	0.04	0.01	1	0.0004
all	minimal	B_bin.1	B_bin.25	M_acald_e	0.04	0.02	1	0.0008
all	minimal	B_bin.1	B_bin.25	M_fe2_e	0.04	1.0	1	0.04
all	minimal	B_bin.1	B_bin.25	M_fe3_e	0.04	0.01	1	0.0004
all	minimal	B_bin.1	B_bin.25	M_h2s_e	0.04	0.04	1	0.0016
all	minimal	B_bin.1	B_bin.25	M_h_e	0.04	0.03	1	0.0012
all	minimal	B_bin.1	B_bin.25	M_nh4_e	0.04	0.01	1	0.0004
all	minimal	B_bin.1	B_bin.26	M_acald_e	0.04	0.02	1	0.0008
all	minimal	B_bin.1	B_bin.26	M_fe2_e	0.04	1.0	1	0.04
all	minimal	B_bin.1	B_bin.26	M_fe3_e	0.04	0.01	1	0.0004
all	minimal	B_bin.1	B_bin.26	M_h2s_e	0.04	0.04	1	0.0016
all	minimal	B_bin.1	B_bin.26	M_h_e	0.04	0.03	1	0.0012
all	minimal	B_bin.1	B_bin.26	M_nh4_e	0.04	0.01	1	0.0004
all	minimal	B_bin.1	B_bin.28	M_4abz_e	0.22	0.06	1	0.0132
all	minimal	B_bin.1	B_bin.28	M_LalaDgluMdapDala_e	0.22	0.88	1	0.1936
all	minimal	B_bin.1	B_bin.28	M_acald_e	0.22	0.02	1	0.0044
all	minimal	B_bin.1	B_bin.28	M_alaala_e	0.22	0.01	1	0.0022
all	minimal	B_bin.1	B_bin.28	M_anhgm_e	0.22	0.02	1	0.0044
all	minimal	B_bin.1	B_bin.28	M_fe2_e	0.22	1.0	1	0.22
all	minimal	B_bin.1	B_bin.28	M_fe3_e	0.22	0.01	1	0.0022
all	minimal	B_bin.1	B_bin.28	M_glc__D_e	0.22	0.01	1	0.0022
all	minimal	B_bin.1	B_bin.28	M_glyc_e	0.22	0.02	1	0.0044
all	minimal	B_bin.1	B_bin.28	M_h2s_e	0.22	0.04	1	0.0088
all	minimal	B_bin.1	B_bin.28	M_h_e	0.22	0.03	1	0.0066
all	minimal	B_bin.1	B_bin.28	M_nh4_e	0.22	0.01	1	0.0022
all	minimal	B_bin.1	B_bin.29	M_acald_e	0.06	0.02	1	0.0012
all	minimal	B_bin.1	B_bin.29	M_anhgm_e	0.06	0.02	1	0.0012
all	minimal	B_bin.1	B_bin.29	M_fe2_e	0.06	1.0	1	0.06
all	minimal	B_bin.1	B_bin.29	M_fe3_e	0.06	0.01	1	0.0006
all	minimal	B_bin.1	B_bin.29	M_glyc_e	0.06	0.02	1	0.0012
all	minimal	B_bin.1	B_bin.29	M_h2s_e	0.06	0.04	1	0.0024
all	minimal	B_bin.1	B_bin.29	M_h_e	0.06	0.03	1	0.0018
all	minimal	B_bin.1	B_bin.29	M_nh4_e	0.06	0.01	1	0.0006
all	minimal	B_bin.1	B_bin.29	M_o2_e	0.06	0.4	1	0.024
all	minimal	B_bin.1	B_bin.3	M_acald_e	0.05	0.02	1	0.001
all	minimal	B_bin.1	B_bin.3	M_fe2_e	0.05	1.0	1	0.05
all	minimal	B_bin.1	B_bin.3	M_fe3_e	0.05	0.01	1	0.0005
all	minimal	B_bin.1	B_bin.3	M_h_e	0.05	0.03	1	0.0015
all	minimal	B_bin.1	B_bin.3	M_nh4_e	0.05	0.01	1	0.0005
all	minimal	B_bin.1	B_bin.31	M_fe2_e	0.08	1.0	1	0.08
all	minimal	B_bin.1	B_bin.31	M_fe3_e	0.08	0.01	1	0.0008
all	minimal	B_bin.1	B_bin.31	M_h_e	0.08	0.03	1	0.0024
all	minimal	B_bin.1	B_bin.31	M_nh4_e	0.08	0.01	1	0.0008
all	minimal	B_bin.1	B_bin.32	M_acald_e	0.04	0.02	1	0.0008
all	minimal	B_bin.1	B_bin.32	M_alaala_e	0.04	0.01	1	0.0004
all	minimal	B_bin.1	B_bin.32	M_anhgm_e	0.04	0.02	1	0.0008
all	minimal	B_bin.1	B_bin.32	M_fe2_e	0.04	1.0	1	0.04
all	minimal	B_bin.1	B_bin.32	M_fe3_e	0.04	0.01	1	0.0004
all	minimal	B_bin.1	B_bin.32	M_gal_e	0.04	0.28	1	0.011200000000000002
all	minimal	B_bin.1	B_bin.32	M_gam6p_e	0.04	0.44	1	0.0176
all	minimal	B_bin.1	B_bin.32	M_glyc_e	0.04	0.02	1	0.0008
all	minimal	B_bin.1	B_bin.32	M_h_e	0.04	0.03	1	0.0012
all	minimal	B_bin.1	B_bin.32	M_nh4_e	0.04	0.01	1	0.0004
all	minimal	B_bin.1	B_bin.32	M_o2_e	0.04	0.4	1	0.016
all	minimal	B_bin.1	B_bin.33	M_4abz_e	0.04	0.06	1	0.0024
all	minimal	B_bin.1	B_bin.33	M_acald_e	0.04	0.02	1	0.0008
all	minimal	B_bin.1	B_bin.33	M_fe3_e	0.04	0.01	1	0.0004
all	minimal	B_bin.1	B_bin.33	M_nh4_e	0.04	0.01	1	0.0004
all	minimal	B_bin.1	B_bin.34	M_acald_e	0.21	0.02	1	0.0042
all	minimal	B_bin.1	B_bin.34	M_anhgm_e	0.21	0.02	1	0.0042
all	minimal	B_bin.1	B_bin.34	M_fe3_e	0.21	0.01	1	0.0021
all	minimal	B_bin.1	B_bin.34	M_h2s_e	0.21	0.04	1	0.0084
all	minimal	B_bin.1	B_bin.34	M_h_e	0.21	0.03	1	0.006299999999999999
all	minimal	B_bin.1	B_bin.34	M_nh4_e	0.21	0.01	1	0.0021
all	minimal	B_bin.1	B_bin.34	M_o2_e	0.21	0.4	1	0.084
all	minimal	B_bin.1	B_bin.37	M_4abz_e	0.49	0.06	1	0.0294
all	minimal	B_bin.1	B_bin.37	M_acald_e	0.49	0.02	1	0.0098
all	minimal	B_bin.1	B_bin.37	M_alaala_e	0.49	0.01	1	0.0049
all	minimal	B_bin.1	B_bin.37	M_anhgm_e	0.49	0.02	1	0.0098
all	minimal	B_bin.1	B_bin.37	M_cys__L_e	0.49	0.27	1	0.1323
all	minimal	B_bin.1	B_bin.37	M_fe2_e	0.49	1.0	1	0.49
all	minimal	B_bin.1	B_bin.37	M_fe3_e	0.49	0.01	1	0.0049
all	minimal	B_bin.1	B_bin.37	M_glc__D_e	0.49	0.01	1	0.0049
all	minimal	B_bin.1	B_bin.37	M_glyc_e	0.49	0.02	1	0.0098
all	minimal	B_bin.1	B_bin.37	M_h2s_e	0.49	0.04	1	0.0196
all	minimal	B_bin.1	B_bin.37	M_h_e	0.49	0.03	1	0.0147
all	minimal	B_bin.1	B_bin.37	M_nh4_e	0.49	0.01	1	0.0049
all	minimal	B_bin.1	B_bin.37	M_o2_e	0.49	0.4	1	0.196
all	minimal	B_bin.1	B_bin.5	M_acald_e	0.06	0.02	1	0.0012
all	minimal	B_bin.1	B_bin.5	M_fe2_e	0.06	1.0	1	0.06
all	minimal	B_bin.1	B_bin.5	M_fe3_e	0.06	0.01	1	0.0006
all	minimal	B_bin.1	B_bin.5	M_h2s_e	0.06	0.04	1	0.0024
all	minimal	B_bin.1	B_bin.5	M_nh4_e	0.06	0.01	1	0.0006
all	minimal	B_bin.1	B_bin.6	M_4abz_e	0.03	0.06	1	0.0018
all	minimal	B_bin.1	B_bin.6	M_acald_e	0.03	0.02	1	0.0006
all	minimal	B_bin.1	B_bin.6	M_anhgm_e	0.03	0.02	1	0.0006
all	minimal	B_bin.1	B_bin.6	M_fe2_e	0.03	1.0	1	0.03
all	minimal	B_bin.1	B_bin.6	M_fe3_e	0.03	0.01	1	0.0003
all	minimal	B_bin.1	B_bin.6	M_glc__D_e	0.03	0.01	1	0.0003
all	minimal	B_bin.1	B_bin.6	M_glu__L_e	0.03	0.01	1	0.0003
all	minimal	B_bin.1	B_bin.6	M_glyc_e	0.03	0.02	1	0.0006
all	minimal	B_bin.1	B_bin.6	M_h2s_e	0.03	0.04	1	0.0012
all	minimal	B_bin.1	B_bin.6	M_h_e	0.03	0.03	1	0.0009
all	minimal	B_bin.1	B_bin.6	M_his__L_e	0.03	0.03	1	0.0009
all	minimal	B_bin.1	B_bin.6	M_nh4_e	0.03	0.01	1	0.0003
all	minimal	B_bin.1	B_bin.7	M_LalaDgluMdapDala_e	1.0	0.88	1	0.88
all	minimal	B_bin.1	B_bin.7	M_acald_e	1.0	0.02	1	0.02
all	minimal	B_bin.1	B_bin.7	M_anhgm_e	1.0	0.02	1	0.02
all	minimal	B_bin.1	B_bin.7	M_arg__L_e	1.0	1.0	1	1.0
all	minimal	B_bin.1	B_bin.7	M_fe3_e	1.0	0.01	1	0.01
all	minimal	B_bin.1	B_bin.7	M_glu__L_e	1.0	0.01	1	0.01
all	minimal	B_bin.1	B_bin.7	M_glyc_e	1.0	0.02	1	0.02
all	minimal	B_bin.1	B_bin.7	M_h2s_e	1.0	0.04	1	0.04
all	minimal	B_bin.1	B_bin.7	M_h_e	1.0	0.03	1	0.03
all	minimal	B_bin.1	B_bin.7	M_nh4_e	1.0	0.01	1	0.01
all	minimal	B_bin.1	B_bin.7	M_o2_e	1.0	0.4	1	0.4
all	minimal	B_bin.1	B_bin.8	M_acald_e	0.3	0.02	1	0.006
all	minimal	B_bin.1	B_bin.8	M_alaala_e	0.3	0.01	1	0.003
all	minimal	B_bin.1	B_bin.8	M_fe2_e	0.3	1.0	1	0.3
all	minimal	B_bin.1	B_bin.8	M_fe3_e	0.3	0.01	1	0.003
all	minimal	B_bin.1	B_bin.8	M_glyc_e	0.3	0.02	1	0.006
all	minimal	B_bin.1	B_bin.8	M_h2s_e	0.3	0.04	1	0.012
all	minimal	B_bin.1	B_bin.8	M_h_e	0.3	0.03	1	0.009
all	minimal	B_bin.1	B_bin.8	M_nh4_e	0.3	0.01	1	0.003
all	minimal	B_bin.1	B_bin.8	M_o2_e	0.3	0.4	1	0.12
all	minimal	B_bin.1	B_bin.9	M_4abz_e	0.04	0.06	1	0.0024
all	minimal	B_bin.1	B_bin.9	M_acald_e	0.04	0.02	1	0.0008
all	minimal	B_bin.1	B_bin.9	M_anhgm_e	0.04	0.02	1	0.0008
all	minimal	B_bin.1	B_bin.9	M_fe2_e	0.04	1.0	1	0.04
all	minimal	B_bin.1	B_bin.9	M_fe3_e	0.04	0.01	1	0.0004
all	minimal	B_bin.1	B_bin.9	M_glyc_e	0.04	0.02	1	0.0008
all	minimal	B_bin.1	B_bin.9	M_h2s_e	0.04	0.04	1	0.0016
all	minimal	B_bin.1	B_bin.9	M_h_e	0.04	0.03	1	0.0012
all	minimal	B_bin.1	B_bin.9	M_nh4_e	0.04	0.01	1	0.0004
all	minimal	B_bin.10	B_bin.1	M_cys__L_e	0.06	0.8	1	0.048
all	minimal	B_bin.10	B_bin.1	M_fe3_e	0.06	0.12	1	0.0072
all	minimal	B_bin.10	B_bin.1	M_h2s_e	0.06	0.17	1	0.0102
all	minimal	B_bin.10	B_bin.1	M_h_e	0.06	0.02	1	0.0012
all	minimal	B_bin.10	B_bin.1	M_lys__L_e	0.06	0.02	1	0.0012
all	minimal	B_bin.10	B_bin.1	M_nh4_e	0.06	0.02	1	0.0012
all	minimal	B_bin.10	B_bin.1	M_o2_e	0.06	0.08	1	0.0048
all	minimal	B_bin.10	B_bin.1	M_ura_e	0.06	0.01	1	0.0006
all	minimal	B_bin.10	B_bin.11	M_cys__L_e	0.05	0.8	1	0.04000000000000001
all	minimal	B_bin.10	B_bin.11	M_fe2_e	0.05	0.01	1	0.0005
all	minimal	B_bin.10	B_bin.11	M_fe3_e	0.05	0.12	1	0.006
all	minimal	B_bin.10	B_bin.11	M_h_e	0.05	0.02	1	0.001
all	minimal	B_bin.10	B_bin.11	M_istfrnB_e	0.05	0.01	1	0.0005
all	minimal	B_bin.10	B_bin.11	M_nh4_e	0.05	0.02	1	0.001
all	minimal	B_bin.10	B_bin.12	M_fe2_e	0.06	0.01	1	0.0006
all	minimal	B_bin.10	B_bin.12	M_fe3_e	0.06	0.12	1	0.0072
all	minimal	B_bin.10	B_bin.12	M_h2s_e	0.06	0.17	1	0.0102
all	minimal	B_bin.10	B_bin.12	M_h_e	0.06	0.02	1	0.0012
all	minimal	B_bin.10	B_bin.12	M_istfrnB_e	0.06	0.01	1	0.0006
all	minimal	B_bin.10	B_bin.12	M_nh4_e	0.06	0.02	1	0.0012
all	minimal	B_bin.10	B_bin.12	M_o2_e	0.06	0.08	1	0.0048
all	minimal	B_bin.10	B_bin.12	M_ura_e	0.06	0.01	1	0.0006
all	minimal	B_bin.10	B_bin.14	M_asp__D_e	0.05	0.07	1	0.0035000000000000005
all	minimal	B_bin.10	B_bin.14	M_bz_e	0.05	0.04	1	0.002
all	minimal	B_bin.10	B_bin.14	M_fe2_e	0.05	0.01	1	0.0005
all	minimal	B_bin.10	B_bin.14	M_fe3_e	0.05	0.12	1	0.006
all	minimal	B_bin.10	B_bin.14	M_h2s_e	0.05	0.17	1	0.0085
all	minimal	B_bin.10	B_bin.14	M_h_e	0.05	0.02	1	0.001
all	minimal	B_bin.10	B_bin.14	M_istfrnB_e	0.05	0.01	1	0.0005
all	minimal	B_bin.10	B_bin.14	M_mal__L_e	0.05	0.85	1	0.0425
all	minimal	B_bin.10	B_bin.14	M_nh4_e	0.05	0.02	1	0.001
all	minimal	B_bin.10	B_bin.14	M_o2_e	0.05	0.08	1	0.004
all	minimal	B_bin.10	B_bin.15	M_fe2_e	0.1	0.01	1	0.001
all	minimal	B_bin.10	B_bin.15	M_fe3_e	0.1	0.12	1	0.012
all	minimal	B_bin.10	B_bin.15	M_h_e	0.1	0.02	1	0.002
all	minimal	B_bin.10	B_bin.15	M_istfrnB_e	0.1	0.01	1	0.001
all	minimal	B_bin.10	B_bin.15	M_nac_e	0.1	1.0	1	0.1
all	minimal	B_bin.10	B_bin.15	M_nh4_e	0.1	0.02	1	0.002
all	minimal	B_bin.10	B_bin.17	M_coa_e	0.04	0.38	1	0.0152
all	minimal	B_bin.10	B_bin.17	M_cys__L_e	0.04	0.8	1	0.032
all	minimal	B_bin.10	B_bin.17	M_fe3_e	0.04	0.12	1	0.0048
all	minimal	B_bin.10	B_bin.17	M_h2s_e	0.04	0.17	1	0.0068000000000000005
all	minimal	B_bin.10	B_bin.17	M_h_e	0.04	0.02	1	0.0008
all	minimal	B_bin.10	B_bin.17	M_nh4_e	0.04	0.02	1	0.0008
all	minimal	B_bin.10	B_bin.17	M_o2_e	0.04	0.08	1	0.0032
all	minimal	B_bin.10	B_bin.18	M_fe2_e	0.05	0.01	1	0.0005
all	minimal	B_bin.10	B_bin.18	M_fe3_e	0.05	0.12	1	0.006
all	minimal	B_bin.10	B_bin.18	M_glyc3p_e	0.05	1.0	1	0.05
all	minimal	B_bin.10	B_bin.18	M_h2s_e	0.05	0.17	1	0.0085
all	minimal	B_bin.10	B_bin.18	M_h_e	0.05	0.02	1	0.001
all	minimal	B_bin.10	B_bin.18	M_istfrnB_e	0.05	0.01	1	0.0005
all	minimal	B_bin.10	B_bin.18	M_nh4_e	0.05	0.02	1	0.001
all	minimal	B_bin.10	B_bin.18	M_o2_e	0.05	0.08	1	0.004
all	minimal	B_bin.10	B_bin.18	M_ura_e	0.05	0.01	1	0.0005
all	minimal	B_bin.10	B_bin.20	M_fe2_e	0.44	0.01	1	0.0044
all	minimal	B_bin.10	B_bin.20	M_fe3_e	0.44	0.12	1	0.0528
all	minimal	B_bin.10	B_bin.20	M_glu__L_e	0.44	1.0	1	0.44
all	minimal	B_bin.10	B_bin.20	M_h2s_e	0.44	0.17	1	0.0748
all	minimal	B_bin.10	B_bin.20	M_h_e	0.44	0.02	1	0.0088
all	minimal	B_bin.10	B_bin.20	M_istfrnB_e	0.44	0.01	1	0.0044
all	minimal	B_bin.10	B_bin.20	M_leu__L_e	0.44	1.0	1	0.44
all	minimal	B_bin.10	B_bin.20	M_lys__L_e	0.44	0.02	1	0.0088
all	minimal	B_bin.10	B_bin.20	M_nh4_e	0.44	0.02	1	0.0088
all	minimal	B_bin.10	B_bin.20	M_ura_e	0.44	0.01	1	0.0044
all	minimal	B_bin.10	B_bin.20	M_val__L_e	0.44	1.0	1	0.44
all	minimal	B_bin.10	B_bin.21	M_cys__L_e	0.23	0.8	1	0.18400000000000002
all	minimal	B_bin.10	B_bin.21	M_fe2_e	0.23	0.01	1	0.0023
all	minimal	B_bin.10	B_bin.21	M_fe3_e	0.23	0.12	1	0.0276
all	minimal	B_bin.10	B_bin.21	M_h2s_e	0.23	0.17	1	0.0391
all	minimal	B_bin.10	B_bin.21	M_h_e	0.23	0.02	1	0.0046
all	minimal	B_bin.10	B_bin.21	M_istfrnB_e	0.23	0.01	1	0.0023
all	minimal	B_bin.10	B_bin.21	M_nac_e	0.23	1.0	1	0.23
all	minimal	B_bin.10	B_bin.21	M_nh4_e	0.23	0.02	1	0.0046
all	minimal	B_bin.10	B_bin.21	M_ura_e	0.23	0.01	1	0.0023
all	minimal	B_bin.10	B_bin.23	M_arg__L_e	0.59	0.98	1	0.5781999999999999
all	minimal	B_bin.10	B_bin.23	M_bz_e	0.59	0.04	1	0.0236
all	minimal	B_bin.10	B_bin.23	M_coa_e	0.59	0.38	1	0.22419999999999998
all	minimal	B_bin.10	B_bin.23	M_fe2_e	0.59	0.01	1	0.0059
all	minimal	B_bin.10	B_bin.23	M_fe3_e	0.59	0.12	1	0.07079999999999999
all	minimal	B_bin.10	B_bin.23	M_h2s_e	0.59	0.17	1	0.1003
all	minimal	B_bin.10	B_bin.23	M_h_e	0.59	0.02	1	0.0118
all	minimal	B_bin.10	B_bin.23	M_leu__L_e	0.59	1.0	1	0.59
all	minimal	B_bin.10	B_bin.23	M_lys__L_e	0.59	0.02	1	0.0118
all	minimal	B_bin.10	B_bin.23	M_mal__L_e	0.59	0.85	1	0.5015
all	minimal	B_bin.10	B_bin.23	M_nh4_e	0.59	0.02	1	0.0118
all	minimal	B_bin.10	B_bin.23	M_o2_e	0.59	0.08	1	0.0472
all	minimal	B_bin.10	B_bin.23	M_ura_e	0.59	0.01	1	0.0059
all	minimal	B_bin.10	B_bin.23	M_val__L_e	0.59	1.0	1	0.59
all	minimal	B_bin.10	B_bin.24	M_cytd_e	0.04	0.05	1	0.002
all	minimal	B_bin.10	B_bin.24	M_fe2_e	0.04	0.01	1	0.0004
all	minimal	B_bin.10	B_bin.24	M_fe3_e	0.04	0.12	1	0.0048
all	minimal	B_bin.10	B_bin.24	M_gal_e	0.04	0.02	1	0.0008
all	minimal	B_bin.10	B_bin.24	M_h2s_e	0.04	0.17	1	0.0068000000000000005
all	minimal	B_bin.10	B_bin.24	M_nh4_e	0.04	0.02	1	0.0008
all	minimal	B_bin.10	B_bin.24	M_pnto__R_e	0.04	0.62	1	0.0248
all	minimal	B_bin.10	B_bin.25	M_bz_e	0.04	0.04	1	0.0016
all	minimal	B_bin.10	B_bin.25	M_fe2_e	0.04	0.01	1	0.0004
all	minimal	B_bin.10	B_bin.25	M_fe3_e	0.04	0.12	1	0.0048
all	minimal	B_bin.10	B_bin.25	M_h2s_e	0.04	0.17	1	0.0068000000000000005
all	minimal	B_bin.10	B_bin.25	M_h_e	0.04	0.02	1	0.0008
all	minimal	B_bin.10	B_bin.25	M_istfrnB_e	0.04	0.01	1	0.0004
all	minimal	B_bin.10	B_bin.25	M_mal__L_e	0.04	0.85	1	0.034
all	minimal	B_bin.10	B_bin.25	M_nh4_e	0.04	0.02	1	0.0008
all	minimal	B_bin.10	B_bin.25	M_ura_e	0.04	0.01	1	0.0004
all	minimal	B_bin.10	B_bin.26	M_fe2_e	0.06	0.01	1	0.0006
all	minimal	B_bin.10	B_bin.26	M_fe3_e	0.06	0.12	1	0.0072
all	minimal	B_bin.10	B_bin.26	M_h2s_e	0.06	0.17	1	0.0102
all	minimal	B_bin.10	B_bin.26	M_h_e	0.06	0.02	1	0.0012
all	minimal	B_bin.10	B_bin.26	M_istfrnB_e	0.06	0.01	1	0.0006
all	minimal	B_bin.10	B_bin.26	M_nh4_e	0.06	0.02	1	0.0012
all	minimal	B_bin.10	B_bin.28	M_fe2_e	0.66	0.01	1	0.006600000000000001
all	minimal	B_bin.10	B_bin.28	M_fe3_e	0.66	0.12	1	0.0792
all	minimal	B_bin.10	B_bin.28	M_glyc3p_e	0.66	1.0	1	0.66
all	minimal	B_bin.10	B_bin.28	M_h2s_e	0.66	0.17	1	0.11220000000000001
all	minimal	B_bin.10	B_bin.28	M_h_e	0.66	0.02	1	0.013200000000000002
all	minimal	B_bin.10	B_bin.28	M_istfrnB_e	0.66	0.01	1	0.006600000000000001
all	minimal	B_bin.10	B_bin.28	M_mal__L_e	0.66	0.85	1	0.561
all	minimal	B_bin.10	B_bin.28	M_nh4_e	0.66	0.02	1	0.013200000000000002
all	minimal	B_bin.10	B_bin.28	M_ser__L_e	0.66	0.1	1	0.066
all	minimal	B_bin.10	B_bin.29	M_fe2_e	0.2	0.01	1	0.002
all	minimal	B_bin.10	B_bin.29	M_fe3_e	0.2	0.12	1	0.024
all	minimal	B_bin.10	B_bin.29	M_glyc3p_e	0.2	1.0	1	0.2
all	minimal	B_bin.10	B_bin.29	M_h2s_e	0.2	0.17	1	0.034
all	minimal	B_bin.10	B_bin.29	M_h_e	0.2	0.02	1	0.004
all	minimal	B_bin.10	B_bin.29	M_istfrnB_e	0.2	0.01	1	0.002
all	minimal	B_bin.10	B_bin.29	M_lys__L_e	0.2	0.02	1	0.004
all	minimal	B_bin.10	B_bin.29	M_mal__L_e	0.2	0.85	1	0.17
all	minimal	B_bin.10	B_bin.29	M_nh4_e	0.2	0.02	1	0.004
all	minimal	B_bin.10	B_bin.29	M_o2_e	0.2	0.08	1	0.016
all	minimal	B_bin.10	B_bin.29	M_ser__L_e	0.2	0.1	1	0.020000000000000004
all	minimal	B_bin.10	B_bin.29	M_ura_e	0.2	0.01	1	0.002
all	minimal	B_bin.10	B_bin.3	M_fe2_e	0.01	0.01	1	0.0001
all	minimal	B_bin.10	B_bin.3	M_fe3_e	0.01	0.12	1	0.0012
all	minimal	B_bin.10	B_bin.3	M_h_e	0.01	0.02	1	0.0002
all	minimal	B_bin.10	B_bin.3	M_istfrnB_e	0.01	0.01	1	0.0001
all	minimal	B_bin.10	B_bin.3	M_mal__L_e	0.01	0.85	1	0.0085
all	minimal	B_bin.10	B_bin.3	M_nh4_e	0.01	0.02	1	0.0002
all	minimal	B_bin.10	B_bin.31	M_fe2_e	0.11	0.01	1	0.0011
all	minimal	B_bin.10	B_bin.31	M_fe3_e	0.11	0.12	1	0.0132
all	minimal	B_bin.10	B_bin.31	M_glyc3p_e	0.11	1.0	1	0.11
all	minimal	B_bin.10	B_bin.31	M_h_e	0.11	0.02	1	0.0022
all	minimal	B_bin.10	B_bin.31	M_istfrnB_e	0.11	0.01	1	0.0011
all	minimal	B_bin.10	B_bin.31	M_mal__L_e	0.11	0.85	1	0.0935
all	minimal	B_bin.10	B_bin.31	M_nh4_e	0.11	0.02	1	0.0022
all	minimal	B_bin.10	B_bin.31	M_ser__L_e	0.11	0.1	1	0.011000000000000001
all	minimal	B_bin.10	B_bin.32	M_fe2_e	0.01	0.01	1	0.0001
all	minimal	B_bin.10	B_bin.32	M_fe3_e	0.01	0.12	1	0.0012
all	minimal	B_bin.10	B_bin.32	M_gal_e	0.01	0.02	1	0.0002
all	minimal	B_bin.10	B_bin.32	M_glyc3p_e	0.01	1.0	1	0.01
all	minimal	B_bin.10	B_bin.32	M_h_e	0.01	0.02	1	0.0002
all	minimal	B_bin.10	B_bin.32	M_istfrnB_e	0.01	0.01	1	0.0001
all	minimal	B_bin.10	B_bin.32	M_mal__L_e	0.01	0.85	1	0.0085
all	minimal	B_bin.10	B_bin.32	M_nh4_e	0.01	0.02	1	0.0002
all	minimal	B_bin.10	B_bin.32	M_o2_e	0.01	0.08	1	0.0008
all	minimal	B_bin.10	B_bin.32	M_ura_e	0.01	0.01	1	0.0001
all	minimal	B_bin.10	B_bin.33	M_fe3_e	0.02	0.12	1	0.0024
all	minimal	B_bin.10	B_bin.33	M_nh4_e	0.02	0.02	1	0.0004
all	minimal	B_bin.10	B_bin.34	M_bz_e	0.1	0.04	1	0.004
all	minimal	B_bin.10	B_bin.34	M_fe3_e	0.1	0.12	1	0.012
all	minimal	B_bin.10	B_bin.34	M_h2s_e	0.1	0.17	1	0.017
all	minimal	B_bin.10	B_bin.34	M_h_e	0.1	0.02	1	0.002
all	minimal	B_bin.10	B_bin.34	M_mal__L_e	0.1	0.85	1	0.085
all	minimal	B_bin.10	B_bin.34	M_nac_e	0.1	1.0	1	0.1
all	minimal	B_bin.10	B_bin.34	M_nh4_e	0.1	0.02	1	0.002
all	minimal	B_bin.10	B_bin.34	M_o2_e	0.1	0.08	1	0.008
all	minimal	B_bin.10	B_bin.37	M_cys__L_e	0.13	0.8	1	0.10400000000000001
all	minimal	B_bin.10	B_bin.37	M_fe2_e	0.13	0.01	1	0.0013000000000000002
all	minimal	B_bin.10	B_bin.37	M_fe3_e	0.13	0.12	1	0.0156
all	minimal	B_bin.10	B_bin.37	M_glyc3p_e	0.13	1.0	1	0.13
all	minimal	B_bin.10	B_bin.37	M_h2s_e	0.13	0.17	1	0.0221
all	minimal	B_bin.10	B_bin.37	M_h_e	0.13	0.02	1	0.0026000000000000003
all	minimal	B_bin.10	B_bin.37	M_nh4_e	0.13	0.02	1	0.0026000000000000003
all	minimal	B_bin.10	B_bin.37	M_o2_e	0.13	0.08	1	0.010400000000000001
all	minimal	B_bin.10	B_bin.37	M_ser__L_e	0.13	0.1	1	0.013000000000000001
all	minimal	B_bin.10	B_bin.37	M_ura_e	0.13	0.01	1	0.0013000000000000002
all	minimal	B_bin.10	B_bin.5	M_fe2_e	0.01	0.01	1	0.0001
all	minimal	B_bin.10	B_bin.5	M_fe3_e	0.01	0.12	1	0.0012
all	minimal	B_bin.10	B_bin.5	M_h2s_e	0.01	0.17	1	0.0017000000000000001
all	minimal	B_bin.10	B_bin.5	M_nh4_e	0.01	0.02	1	0.0002
all	minimal	B_bin.10	B_bin.5	M_ura_e	0.01	0.01	1	0.0001
all	minimal	B_bin.10	B_bin.6	M_fe2_e	1.0	0.01	1	0.01
all	minimal	B_bin.10	B_bin.6	M_fe3_e	1.0	0.12	1	0.12
all	minimal	B_bin.10	B_bin.6	M_glu__L_e	1.0	1.0	1	1.0
all	minimal	B_bin.10	B_bin.6	M_h2s_e	1.0	0.17	1	0.17
all	minimal	B_bin.10	B_bin.6	M_h_e	1.0	0.02	1	0.02
all	minimal	B_bin.10	B_bin.6	M_his__L_e	1.0	1.0	1	1.0
all	minimal	B_bin.10	B_bin.6	M_lys__L_e	1.0	0.02	1	0.02
all	minimal	B_bin.10	B_bin.6	M_nh4_e	1.0	0.02	1	0.02
all	minimal	B_bin.10	B_bin.7	M_arg__L_e	1.0	0.98	1	0.98
all	minimal	B_bin.10	B_bin.7	M_bz_e	1.0	0.04	1	0.04
all	minimal	B_bin.10	B_bin.7	M_fe3_e	1.0	0.12	1	0.12
all	minimal	B_bin.10	B_bin.7	M_glu__L_e	1.0	1.0	1	1.0
all	minimal	B_bin.10	B_bin.7	M_h2s_e	1.0	0.17	1	0.17
all	minimal	B_bin.10	B_bin.7	M_h_e	1.0	0.02	1	0.02
all	minimal	B_bin.10	B_bin.7	M_lys__L_e	1.0	0.02	1	0.02
all	minimal	B_bin.10	B_bin.7	M_mal__L_e	1.0	0.85	1	0.85
all	minimal	B_bin.10	B_bin.7	M_nh4_e	1.0	0.02	1	0.02
all	minimal	B_bin.10	B_bin.7	M_o2_e	1.0	0.08	1	0.08
all	minimal	B_bin.10	B_bin.8	M_fe2_e	0.29	0.01	1	0.0029
all	minimal	B_bin.10	B_bin.8	M_fe3_e	0.29	0.12	1	0.0348
all	minimal	B_bin.10	B_bin.8	M_glyc3p_e	0.29	1.0	1	0.29
all	minimal	B_bin.10	B_bin.8	M_h2s_e	0.29	0.17	1	0.049300000000000004
all	minimal	B_bin.10	B_bin.8	M_h_e	0.29	0.02	1	0.0058
all	minimal	B_bin.10	B_bin.8	M_istfrnB_e	0.29	0.01	1	0.0029
all	minimal	B_bin.10	B_bin.8	M_lys__L_e	0.29	0.02	1	0.0058
all	minimal	B_bin.10	B_bin.8	M_nh4_e	0.29	0.02	1	0.0058
all	minimal	B_bin.10	B_bin.8	M_o2_e	0.29	0.08	1	0.0232
all	minimal	B_bin.10	B_bin.8	M_ser__L_e	0.29	0.1	1	0.028999999999999998
all	minimal	B_bin.10	B_bin.8	M_ura_e	0.29	0.01	1	0.0029
all	minimal	B_bin.10	B_bin.9	M_bz_e	0.01	0.04	1	0.0004
all	minimal	B_bin.10	B_bin.9	M_fe2_e	0.01	0.01	1	0.0001
all	minimal	B_bin.10	B_bin.9	M_fe3_e	0.01	0.12	1	0.0012
all	minimal	B_bin.10	B_bin.9	M_h2s_e	0.01	0.17	1	0.0017000000000000001
all	minimal	B_bin.10	B_bin.9	M_h_e	0.01	0.02	1	0.0002
all	minimal	B_bin.10	B_bin.9	M_istfrnB_e	0.01	0.01	1	0.0001
all	minimal	B_bin.10	B_bin.9	M_mal__L_e	0.01	0.85	1	0.0085
all	minimal	B_bin.10	B_bin.9	M_nh4_e	0.01	0.02	1	0.0002
all	minimal	B_bin.10	B_bin.9	M_ura_e	0.01	0.01	1	0.0001
all	minimal	B_bin.11	B_bin.1	M_acald_e	0.07	1.0	1	0.07
all	minimal	B_bin.11	B_bin.1	M_cys__L_e	0.07	0.1	1	0.007000000000000001
all	minimal	B_bin.11	B_bin.1	M_fe3_e	0.07	0.02	1	0.0014000000000000002
all	minimal	B_bin.11	B_bin.1	M_glc__D_e	0.07	0.18	1	0.0126
all	minimal	B_bin.11	B_bin.1	M_glyc_e	0.07	0.08	1	0.005600000000000001
all	minimal	B_bin.11	B_bin.1	M_gua_e	0.07	0.02	1	0.0014000000000000002
all	minimal	B_bin.11	B_bin.1	M_h2o_e	0.07	0.07	1	0.004900000000000001
all	minimal	B_bin.11	B_bin.1	M_h_e	0.07	0.85	1	0.059500000000000004
all	minimal	B_bin.11	B_bin.1	M_o2_e	0.07	1.0	1	0.07
all	minimal	B_bin.11	B_bin.1	M_pi_e	0.07	0.96	1	0.06720000000000001
all	minimal	B_bin.11	B_bin.1	M_thm_e	0.07	0.01	1	0.0007000000000000001
all	minimal	B_bin.11	B_bin.10	M_acald_e	0.55	1.0	1	0.55
all	minimal	B_bin.11	B_bin.10	M_fe2_e	0.55	0.98	1	0.539
all	minimal	B_bin.11	B_bin.10	M_fe3_e	0.55	0.02	1	0.011000000000000001
all	minimal	B_bin.11	B_bin.10	M_gal_e	0.55	0.4	1	0.22000000000000003
all	minimal	B_bin.11	B_bin.10	M_glyc_e	0.55	0.08	1	0.044000000000000004
all	minimal	B_bin.11	B_bin.10	M_h2o_e	0.55	0.07	1	0.038500000000000006
all	minimal	B_bin.11	B_bin.10	M_h_e	0.55	0.85	1	0.4675
all	minimal	B_bin.11	B_bin.10	M_o2_e	0.55	1.0	1	0.55
all	minimal	B_bin.11	B_bin.10	M_pi_e	0.55	0.96	1	0.528
all	minimal	B_bin.11	B_bin.10	M_thm_e	0.55	0.01	1	0.0055000000000000005
all	minimal	B_bin.11	B_bin.12	M_acald_e	0.05	1.0	1	0.05
all	minimal	B_bin.11	B_bin.12	M_fe2_e	0.05	0.98	1	0.049
all	minimal	B_bin.11	B_bin.12	M_fe3_e	0.05	0.02	1	0.001
all	minimal	B_bin.11	B_bin.12	M_glyc_e	0.05	0.08	1	0.004
all	minimal	B_bin.11	B_bin.12	M_gua_e	0.05	0.02	1	0.001
all	minimal	B_bin.11	B_bin.12	M_h2o_e	0.05	0.07	1	0.0035000000000000005
all	minimal	B_bin.11	B_bin.12	M_h_e	0.05	0.85	1	0.0425
all	minimal	B_bin.11	B_bin.12	M_istfrnA_e	0.05	0.02	1	0.001
all	minimal	B_bin.11	B_bin.12	M_o2_e	0.05	1.0	1	0.05
all	minimal	B_bin.11	B_bin.12	M_pi_e	0.05	0.96	1	0.048
all	minimal	B_bin.11	B_bin.12	M_thm_e	0.05	0.01	1	0.0005
all	minimal	B_bin.11	B_bin.14	M_ac_e	0.05	0.03	1	0.0015
all	minimal	B_bin.11	B_bin.14	M_acald_e	0.05	1.0	1	0.05
all	minimal	B_bin.11	B_bin.14	M_cellb_e	0.05	0.35	1	0.017499999999999998
all	minimal	B_bin.11	B_bin.14	M_fe2_e	0.05	0.98	1	0.049
all	minimal	B_bin.11	B_bin.14	M_fe3_e	0.05	0.02	1	0.001
all	minimal	B_bin.11	B_bin.14	M_glc__D_e	0.05	0.18	1	0.009
all	minimal	B_bin.11	B_bin.14	M_glyc_e	0.05	0.08	1	0.004
all	minimal	B_bin.11	B_bin.14	M_h2o_e	0.05	0.07	1	0.0035000000000000005
all	minimal	B_bin.11	B_bin.14	M_h_e	0.05	0.85	1	0.0425
all	minimal	B_bin.11	B_bin.14	M_istfrnA_e	0.05	0.02	1	0.001
all	minimal	B_bin.11	B_bin.14	M_o2_e	0.05	1.0	1	0.05
all	minimal	B_bin.11	B_bin.14	M_thm_e	0.05	0.01	1	0.0005
all	minimal	B_bin.11	B_bin.15	M_ac_e	0.05	0.03	1	0.0015
all	minimal	B_bin.11	B_bin.15	M_acald_e	0.05	1.0	1	0.05
all	minimal	B_bin.11	B_bin.15	M_fe2_e	0.05	0.98	1	0.049
all	minimal	B_bin.11	B_bin.15	M_fe3_e	0.05	0.02	1	0.001
all	minimal	B_bin.11	B_bin.15	M_h2o_e	0.05	0.07	1	0.0035000000000000005
all	minimal	B_bin.11	B_bin.15	M_h_e	0.05	0.85	1	0.0425
all	minimal	B_bin.11	B_bin.15	M_istfrnA_e	0.05	0.02	1	0.001
all	minimal	B_bin.11	B_bin.17	M_acald_e	0.05	1.0	1	0.05
all	minimal	B_bin.11	B_bin.17	M_acgam1p_e	0.05	0.07	1	0.0035000000000000005
all	minimal	B_bin.11	B_bin.17	M_cys__L_e	0.05	0.1	1	0.005000000000000001
all	minimal	B_bin.11	B_bin.17	M_fe3_e	0.05	0.02	1	0.001
all	minimal	B_bin.11	B_bin.17	M_glc__D_e	0.05	0.18	1	0.009
all	minimal	B_bin.11	B_bin.17	M_glyc_e	0.05	0.08	1	0.004
all	minimal	B_bin.11	B_bin.17	M_gua_e	0.05	0.02	1	0.001
all	minimal	B_bin.11	B_bin.17	M_h2o_e	0.05	0.07	1	0.0035000000000000005
all	minimal	B_bin.11	B_bin.17	M_h_e	0.05	0.85	1	0.0425
all	minimal	B_bin.11	B_bin.17	M_o2_e	0.05	1.0	1	0.05
all	minimal	B_bin.11	B_bin.17	M_pi_e	0.05	0.96	1	0.048
all	minimal	B_bin.11	B_bin.17	M_thm_e	0.05	0.01	1	0.0005
all	minimal	B_bin.11	B_bin.18	M_acald_e	0.05	1.0	1	0.05
all	minimal	B_bin.11	B_bin.18	M_fe2_e	0.05	0.98	1	0.049
all	minimal	B_bin.11	B_bin.18	M_fe3_e	0.05	0.02	1	0.001
all	minimal	B_bin.11	B_bin.18	M_glyc_e	0.05	0.08	1	0.004
all	minimal	B_bin.11	B_bin.18	M_gua_e	0.05	0.02	1	0.001
all	minimal	B_bin.11	B_bin.18	M_h2o_e	0.05	0.07	1	0.0035000000000000005
all	minimal	B_bin.11	B_bin.18	M_h_e	0.05	0.85	1	0.0425
all	minimal	B_bin.11	B_bin.18	M_istfrnA_e	0.05	0.02	1	0.001
all	minimal	B_bin.11	B_bin.18	M_o2_e	0.05	1.0	1	0.05
all	minimal	B_bin.11	B_bin.18	M_pi_e	0.05	0.96	1	0.048
all	minimal	B_bin.11	B_bin.18	M_thm_e	0.05	0.01	1	0.0005
all	minimal	B_bin.11	B_bin.20	M_fe2_e	0.05	0.98	1	0.049
all	minimal	B_bin.11	B_bin.20	M_fe3_e	0.05	0.02	1	0.001
all	minimal	B_bin.11	B_bin.20	M_glc__D_e	0.05	0.18	1	0.009
all	minimal	B_bin.11	B_bin.20	M_glu__L_e	0.05	0.25	1	0.0125
all	minimal	B_bin.11	B_bin.20	M_h2o_e	0.05	0.07	1	0.0035000000000000005
all	minimal	B_bin.11	B_bin.20	M_h_e	0.05	0.85	1	0.0425
all	minimal	B_bin.11	B_bin.20	M_istfrnA_e	0.05	0.02	1	0.001
all	minimal	B_bin.11	B_bin.20	M_leu__L_e	0.05	0.03	1	0.0015
all	minimal	B_bin.11	B_bin.20	M_thr__L_e	0.05	0.01	1	0.0005
all	minimal	B_bin.11	B_bin.21	M_ac_e	0.05	0.03	1	0.0015
all	minimal	B_bin.11	B_bin.21	M_acald_e	0.05	1.0	1	0.05
all	minimal	B_bin.11	B_bin.21	M_cys__L_e	0.05	0.1	1	0.005000000000000001
all	minimal	B_bin.11	B_bin.21	M_fe2_e	0.05	0.98	1	0.049
all	minimal	B_bin.11	B_bin.21	M_fe3_e	0.05	0.02	1	0.001
all	minimal	B_bin.11	B_bin.21	M_gua_e	0.05	0.02	1	0.001
all	minimal	B_bin.11	B_bin.21	M_h2o_e	0.05	0.07	1	0.0035000000000000005
all	minimal	B_bin.11	B_bin.21	M_h_e	0.05	0.85	1	0.0425
all	minimal	B_bin.11	B_bin.21	M_istfrnA_e	0.05	0.02	1	0.001
all	minimal	B_bin.11	B_bin.23	M_acald_e	0.05	1.0	1	0.05
all	minimal	B_bin.11	B_bin.23	M_arg__L_e	0.05	1.0	1	0.05
all	minimal	B_bin.11	B_bin.23	M_fe2_e	0.05	0.98	1	0.049
all	minimal	B_bin.11	B_bin.23	M_fe3_e	0.05	0.02	1	0.001
all	minimal	B_bin.11	B_bin.23	M_glyc_e	0.05	0.08	1	0.004
all	minimal	B_bin.11	B_bin.23	M_gua_e	0.05	0.02	1	0.001
all	minimal	B_bin.11	B_bin.23	M_h2o_e	0.05	0.07	1	0.0035000000000000005
all	minimal	B_bin.11	B_bin.23	M_h_e	0.05	0.85	1	0.0425
all	minimal	B_bin.11	B_bin.23	M_hxan_e	0.05	0.02	1	0.001
all	minimal	B_bin.11	B_bin.23	M_leu__L_e	0.05	0.03	1	0.0015
all	minimal	B_bin.11	B_bin.23	M_o2_e	0.05	1.0	1	0.05
all	minimal	B_bin.11	B_bin.23	M_pi_e	0.05	0.96	1	0.048
all	minimal	B_bin.11	B_bin.23	M_thm_e	0.05	0.01	1	0.0005
all	minimal	B_bin.11	B_bin.24	M_acald_e	0.04	1.0	1	0.04
all	minimal	B_bin.11	B_bin.24	M_fe2_e	0.04	0.98	1	0.0392
all	minimal	B_bin.11	B_bin.24	M_fe3_e	0.04	0.02	1	0.0008
all	minimal	B_bin.11	B_bin.24	M_gal_e	0.04	0.4	1	0.016
all	minimal	B_bin.11	B_bin.24	M_glc__D_e	0.04	0.18	1	0.0072
all	minimal	B_bin.11	B_bin.24	M_glyc_e	0.04	0.08	1	0.0032
all	minimal	B_bin.11	B_bin.24	M_h2o_e	0.04	0.07	1	0.0028000000000000004
all	minimal	B_bin.11	B_bin.25	M_ac_e	0.04	0.03	1	0.0012
all	minimal	B_bin.11	B_bin.25	M_acald_e	0.04	1.0	1	0.04
all	minimal	B_bin.11	B_bin.25	M_fe2_e	0.04	0.98	1	0.0392
all	minimal	B_bin.11	B_bin.25	M_fe3_e	0.04	0.02	1	0.0008
all	minimal	B_bin.11	B_bin.25	M_h2o_e	0.04	0.07	1	0.0028000000000000004
all	minimal	B_bin.11	B_bin.25	M_h_e	0.04	0.85	1	0.034
all	minimal	B_bin.11	B_bin.25	M_hxan_e	0.04	0.02	1	0.0008
all	minimal	B_bin.11	B_bin.25	M_istfrnA_e	0.04	0.02	1	0.0008
all	minimal	B_bin.11	B_bin.25	M_met__D_e	0.04	0.27	1	0.0108
all	minimal	B_bin.11	B_bin.25	M_pi_e	0.04	0.96	1	0.0384
all	minimal	B_bin.11	B_bin.26	M_ac_e	0.04	0.03	1	0.0012
all	minimal	B_bin.11	B_bin.26	M_acald_e	0.04	1.0	1	0.04
all	minimal	B_bin.11	B_bin.26	M_fe2_e	0.04	0.98	1	0.0392
all	minimal	B_bin.11	B_bin.26	M_fe3_e	0.04	0.02	1	0.0008
all	minimal	B_bin.11	B_bin.26	M_h2o_e	0.04	0.07	1	0.0028000000000000004
all	minimal	B_bin.11	B_bin.26	M_h_e	0.04	0.85	1	0.034
all	minimal	B_bin.11	B_bin.26	M_istfrnA_e	0.04	0.02	1	0.0008
all	minimal	B_bin.11	B_bin.28	M_ac_e	0.07	0.03	1	0.0021000000000000003
all	minimal	B_bin.11	B_bin.28	M_acald_e	0.07	1.0	1	0.07
all	minimal	B_bin.11	B_bin.28	M_fe2_e	0.07	0.98	1	0.06860000000000001
all	minimal	B_bin.11	B_bin.28	M_fe3_e	0.07	0.02	1	0.0014000000000000002
all	minimal	B_bin.11	B_bin.28	M_glc__D_e	0.07	0.18	1	0.0126
all	minimal	B_bin.11	B_bin.28	M_glyc_e	0.07	0.08	1	0.005600000000000001
all	minimal	B_bin.11	B_bin.28	M_h2o_e	0.07	0.07	1	0.004900000000000001
all	minimal	B_bin.11	B_bin.28	M_h_e	0.07	0.85	1	0.059500000000000004
all	minimal	B_bin.11	B_bin.28	M_istfrnA_e	0.07	0.02	1	0.0014000000000000002
all	minimal	B_bin.11	B_bin.29	M_acald_e	0.26	1.0	1	0.26
all	minimal	B_bin.11	B_bin.29	M_ala__L_e	0.26	1.0	1	0.26
all	minimal	B_bin.11	B_bin.29	M_fe2_e	0.26	0.98	1	0.2548
all	minimal	B_bin.11	B_bin.29	M_fe3_e	0.26	0.02	1	0.005200000000000001
all	minimal	B_bin.11	B_bin.29	M_glyc_e	0.26	0.08	1	0.020800000000000003
all	minimal	B_bin.11	B_bin.29	M_h2o_e	0.26	0.07	1	0.0182
all	minimal	B_bin.11	B_bin.29	M_h_e	0.26	0.85	1	0.221
all	minimal	B_bin.11	B_bin.29	M_istfrnA_e	0.26	0.02	1	0.005200000000000001
all	minimal	B_bin.11	B_bin.29	M_o2_e	0.26	1.0	1	0.26
all	minimal	B_bin.11	B_bin.29	M_thm_e	0.26	0.01	1	0.0026000000000000003
all	minimal	B_bin.11	B_bin.3	M_acald_e	0.04	1.0	1	0.04
all	minimal	B_bin.11	B_bin.3	M_fe2_e	0.04	0.98	1	0.0392
all	minimal	B_bin.11	B_bin.3	M_fe3_e	0.04	0.02	1	0.0008
all	minimal	B_bin.11	B_bin.3	M_h2o_e	0.04	0.07	1	0.0028000000000000004
all	minimal	B_bin.11	B_bin.3	M_h_e	0.04	0.85	1	0.034
all	minimal	B_bin.11	B_bin.3	M_istfrnA_e	0.04	0.02	1	0.0008
all	minimal	B_bin.11	B_bin.3	M_met__D_e	0.04	0.27	1	0.0108
all	minimal	B_bin.11	B_bin.31	M_fe2_e	0.14	0.98	1	0.13720000000000002
all	minimal	B_bin.11	B_bin.31	M_fe3_e	0.14	0.02	1	0.0028000000000000004
all	minimal	B_bin.11	B_bin.31	M_h2o_e	0.14	0.07	1	0.009800000000000001
all	minimal	B_bin.11	B_bin.31	M_h_e	0.14	0.85	1	0.11900000000000001
all	minimal	B_bin.11	B_bin.31	M_istfrnA_e	0.14	0.02	1	0.0028000000000000004
all	minimal	B_bin.11	B_bin.32	M_acald_e	0.04	1.0	1	0.04
all	minimal	B_bin.11	B_bin.32	M_fe2_e	0.04	0.98	1	0.0392
all	minimal	B_bin.11	B_bin.32	M_fe3_e	0.04	0.02	1	0.0008
all	minimal	B_bin.11	B_bin.32	M_gal_e	0.04	0.4	1	0.016
all	minimal	B_bin.11	B_bin.32	M_glyc_e	0.04	0.08	1	0.0032
all	minimal	B_bin.11	B_bin.32	M_gua_e	0.04	0.02	1	0.0008
all	minimal	B_bin.11	B_bin.32	M_h2o_e	0.04	0.07	1	0.0028000000000000004
all	minimal	B_bin.11	B_bin.32	M_h_e	0.04	0.85	1	0.034
all	minimal	B_bin.11	B_bin.32	M_istfrnA_e	0.04	0.02	1	0.0008
all	minimal	B_bin.11	B_bin.32	M_o2_e	0.04	1.0	1	0.04
all	minimal	B_bin.11	B_bin.32	M_pi_e	0.04	0.96	1	0.0384
all	minimal	B_bin.11	B_bin.32	M_thm_e	0.04	0.01	1	0.0004
all	minimal	B_bin.11	B_bin.33	M_ac_e	0.04	0.03	1	0.0012
all	minimal	B_bin.11	B_bin.33	M_acald_e	0.04	1.0	1	0.04
all	minimal	B_bin.11	B_bin.33	M_acgam1p_e	0.04	0.07	1	0.0028000000000000004
all	minimal	B_bin.11	B_bin.33	M_fe3_e	0.04	0.02	1	0.0008
all	minimal	B_bin.11	B_bin.33	M_h2o_e	0.04	0.07	1	0.0028000000000000004
all	minimal	B_bin.11	B_bin.33	M_hxan_e	0.04	0.02	1	0.0008
all	minimal	B_bin.11	B_bin.34	M_acald_e	0.04	1.0	1	0.04
all	minimal	B_bin.11	B_bin.34	M_fe3_e	0.04	0.02	1	0.0008
all	minimal	B_bin.11	B_bin.34	M_gua_e	0.04	0.02	1	0.0008
all	minimal	B_bin.11	B_bin.34	M_h2o_e	0.04	0.07	1	0.0028000000000000004
all	minimal	B_bin.11	B_bin.34	M_h_e	0.04	0.85	1	0.034
all	minimal	B_bin.11	B_bin.34	M_o2_e	0.04	1.0	1	0.04
all	minimal	B_bin.11	B_bin.34	M_pi_e	0.04	0.96	1	0.0384
all	minimal	B_bin.11	B_bin.34	M_thm_e	0.04	0.01	1	0.0004
all	minimal	B_bin.11	B_bin.37	M_acald_e	0.65	1.0	1	0.65
all	minimal	B_bin.11	B_bin.37	M_acgam1p_e	0.65	0.07	1	0.045500000000000006
all	minimal	B_bin.11	B_bin.37	M_cys__L_e	0.65	0.1	1	0.065
all	minimal	B_bin.11	B_bin.37	M_fe2_e	0.65	0.98	1	0.637
all	minimal	B_bin.11	B_bin.37	M_fe3_e	0.65	0.02	1	0.013000000000000001
all	minimal	B_bin.11	B_bin.37	M_glc__D_e	0.65	0.18	1	0.11699999999999999
all	minimal	B_bin.11	B_bin.37	M_glyc_e	0.65	0.08	1	0.052000000000000005
all	minimal	B_bin.11	B_bin.37	M_gua_e	0.65	0.02	1	0.013000000000000001
all	minimal	B_bin.11	B_bin.37	M_h2o_e	0.65	0.07	1	0.045500000000000006
all	minimal	B_bin.11	B_bin.37	M_h_e	0.65	0.85	1	0.5525
all	minimal	B_bin.11	B_bin.37	M_o2_e	0.65	1.0	1	0.65
all	minimal	B_bin.11	B_bin.37	M_pi_e	0.65	0.96	1	0.624
all	minimal	B_bin.11	B_bin.37	M_thm_e	0.65	0.01	1	0.006500000000000001
all	minimal	B_bin.11	B_bin.5	M_acald_e	0.24	1.0	1	0.24
all	minimal	B_bin.11	B_bin.5	M_fe2_e	0.24	0.98	1	0.2352
all	minimal	B_bin.11	B_bin.5	M_fe3_e	0.24	0.02	1	0.0048
all	minimal	B_bin.11	B_bin.5	M_gua_e	0.24	0.02	1	0.0048
all	minimal	B_bin.11	B_bin.5	M_h2o_e	0.24	0.07	1	0.016800000000000002
all	minimal	B_bin.11	B_bin.5	M_pi_e	0.24	0.96	1	0.2304
all	minimal	B_bin.11	B_bin.6	M_acald_e	1.0	1.0	1	1.0
all	minimal	B_bin.11	B_bin.6	M_fe2_e	1.0	0.98	1	0.98
all	minimal	B_bin.11	B_bin.6	M_fe3_e	1.0	0.02	1	0.02
all	minimal	B_bin.11	B_bin.6	M_glc__D_e	1.0	0.18	1	0.18
all	minimal	B_bin.11	B_bin.6	M_glu__L_e	1.0	0.25	1	0.25
all	minimal	B_bin.11	B_bin.6	M_glyc_e	1.0	0.08	1	0.08
all	minimal	B_bin.11	B_bin.6	M_h2o_e	1.0	0.07	1	0.07
all	minimal	B_bin.11	B_bin.6	M_h_e	1.0	0.85	1	0.85
all	minimal	B_bin.11	B_bin.6	M_his__L_e	1.0	1.0	1	1.0
all	minimal	B_bin.11	B_bin.6	M_pi_e	1.0	0.96	1	0.96
all	minimal	B_bin.11	B_bin.7	M_acald_e	1.0	1.0	1	1.0
all	minimal	B_bin.11	B_bin.7	M_arg__L_e	1.0	1.0	1	1.0
all	minimal	B_bin.11	B_bin.7	M_fe3_e	1.0	0.02	1	0.02
all	minimal	B_bin.11	B_bin.7	M_glu__L_e	1.0	0.25	1	0.25
all	minimal	B_bin.11	B_bin.7	M_glyc_e	1.0	0.08	1	0.08
all	minimal	B_bin.11	B_bin.7	M_h2o_e	1.0	0.07	1	0.07
all	minimal	B_bin.11	B_bin.7	M_h_e	1.0	0.85	1	0.85
all	minimal	B_bin.11	B_bin.7	M_o2_e	1.0	1.0	1	1.0
all	minimal	B_bin.11	B_bin.7	M_thm_e	1.0	0.01	1	0.01
all	minimal	B_bin.11	B_bin.8	M_acald_e	0.23	1.0	1	0.23
all	minimal	B_bin.11	B_bin.8	M_fe2_e	0.23	0.98	1	0.22540000000000002
all	minimal	B_bin.11	B_bin.8	M_fe3_e	0.23	0.02	1	0.0046
all	minimal	B_bin.11	B_bin.8	M_glyc_e	0.23	0.08	1	0.0184
all	minimal	B_bin.11	B_bin.8	M_gua_e	0.23	0.02	1	0.0046
all	minimal	B_bin.11	B_bin.8	M_h2o_e	0.23	0.07	1	0.016100000000000003
all	minimal	B_bin.11	B_bin.8	M_h_e	0.23	0.85	1	0.1955
all	minimal	B_bin.11	B_bin.8	M_istfrnA_e	0.23	0.02	1	0.0046
all	minimal	B_bin.11	B_bin.8	M_o2_e	0.23	1.0	1	0.23
all	minimal	B_bin.11	B_bin.8	M_pi_e	0.23	0.96	1	0.2208
all	minimal	B_bin.11	B_bin.8	M_thm_e	0.23	0.01	1	0.0023
all	minimal	B_bin.11	B_bin.9	M_acald_e	0.04	1.0	1	0.04
all	minimal	B_bin.11	B_bin.9	M_fe2_e	0.04	0.98	1	0.0392
all	minimal	B_bin.11	B_bin.9	M_fe3_e	0.04	0.02	1	0.0008
all	minimal	B_bin.11	B_bin.9	M_glyc_e	0.04	0.08	1	0.0032
all	minimal	B_bin.11	B_bin.9	M_h2o_e	0.04	0.07	1	0.0028000000000000004
all	minimal	B_bin.11	B_bin.9	M_h_e	0.04	0.85	1	0.034
all	minimal	B_bin.11	B_bin.9	M_istfrnA_e	0.04	0.02	1	0.0008
all	minimal	B_bin.11	B_bin.9	M_pi_e	0.04	0.96	1	0.0384
all	minimal	B_bin.12	B_bin.1	M_cys__L_e	0.05	0.01	1	0.0005
all	minimal	B_bin.12	B_bin.1	M_fe3_e	0.05	0.02	1	0.001
all	minimal	B_bin.12	B_bin.1	M_glc__D_e	0.05	1.0	1	0.05
all	minimal	B_bin.12	B_bin.1	M_h_e	0.05	1.0	1	0.05
all	minimal	B_bin.12	B_bin.1	M_lys__L_e	0.05	0.04	1	0.002
all	minimal	B_bin.12	B_bin.1	M_nh4_e	0.05	0.03	1	0.0015
all	minimal	B_bin.12	B_bin.1	M_o2_e	0.05	0.92	1	0.046000000000000006
all	minimal	B_bin.12	B_bin.1	M_pheme_e	0.05	1.0	1	0.05
all	minimal	B_bin.12	B_bin.1	M_pi_e	0.05	0.34	1	0.017
all	minimal	B_bin.12	B_bin.1	M_thm_e	0.05	0.03	1	0.0015
all	minimal	B_bin.12	B_bin.1	M_ura_e	0.05	0.04	1	0.002
all	minimal	B_bin.12	B_bin.10	M_fe2_e	0.95	0.93	1	0.8835
all	minimal	B_bin.12	B_bin.10	M_fe3_e	0.95	0.02	1	0.019
all	minimal	B_bin.12	B_bin.10	M_h_e	0.95	1.0	1	0.95
all	minimal	B_bin.12	B_bin.10	M_lys__L_e	0.95	0.04	1	0.038
all	minimal	B_bin.12	B_bin.10	M_mal__L_e	0.95	0.03	1	0.028499999999999998
all	minimal	B_bin.12	B_bin.10	M_nh4_e	0.95	0.03	1	0.028499999999999998
all	minimal	B_bin.12	B_bin.10	M_o2_e	0.95	0.92	1	0.874
all	minimal	B_bin.12	B_bin.10	M_pi_e	0.95	0.34	1	0.323
all	minimal	B_bin.12	B_bin.10	M_thm_e	0.95	0.03	1	0.028499999999999998
all	minimal	B_bin.12	B_bin.11	M_cys__L_e	0.05	0.01	1	0.0005
all	minimal	B_bin.12	B_bin.11	M_fe2_e	0.05	0.93	1	0.04650000000000001
all	minimal	B_bin.12	B_bin.11	M_fe3_e	0.05	0.02	1	0.001
all	minimal	B_bin.12	B_bin.11	M_glc__D_e	0.05	1.0	1	0.05
all	minimal	B_bin.12	B_bin.11	M_h_e	0.05	1.0	1	0.05
all	minimal	B_bin.12	B_bin.11	M_istfrnB_e	0.05	0.04	1	0.002
all	minimal	B_bin.12	B_bin.11	M_nh4_e	0.05	0.03	1	0.0015
all	minimal	B_bin.12	B_bin.14	M_fe2_e	0.05	0.93	1	0.04650000000000001
all	minimal	B_bin.12	B_bin.14	M_fe3_e	0.05	0.02	1	0.001
all	minimal	B_bin.12	B_bin.14	M_glc__D_e	0.05	1.0	1	0.05
all	minimal	B_bin.12	B_bin.14	M_h_e	0.05	1.0	1	0.05
all	minimal	B_bin.12	B_bin.14	M_indole_e	0.05	0.06	1	0.003
all	minimal	B_bin.12	B_bin.14	M_istfrnB_e	0.05	0.04	1	0.002
all	minimal	B_bin.12	B_bin.14	M_mal__L_e	0.05	0.03	1	0.0015
all	minimal	B_bin.12	B_bin.14	M_nh4_e	0.05	0.03	1	0.0015
all	minimal	B_bin.12	B_bin.14	M_o2_e	0.05	0.92	1	0.046000000000000006
all	minimal	B_bin.12	B_bin.14	M_pheme_e	0.05	1.0	1	0.05
all	minimal	B_bin.12	B_bin.14	M_thm_e	0.05	0.03	1	0.0015
all	minimal	B_bin.12	B_bin.15	M_fe2_e	0.05	0.93	1	0.04650000000000001
all	minimal	B_bin.12	B_bin.15	M_fe3_e	0.05	0.02	1	0.001
all	minimal	B_bin.12	B_bin.15	M_h_e	0.05	1.0	1	0.05
all	minimal	B_bin.12	B_bin.15	M_istfrnB_e	0.05	0.04	1	0.002
all	minimal	B_bin.12	B_bin.15	M_nh4_e	0.05	0.03	1	0.0015
all	minimal	B_bin.12	B_bin.17	M_cys__L_e	0.05	0.01	1	0.0005
all	minimal	B_bin.12	B_bin.17	M_etoh_e	0.05	0.03	1	0.0015
all	minimal	B_bin.12	B_bin.17	M_fe3_e	0.05	0.02	1	0.001
all	minimal	B_bin.12	B_bin.17	M_glc__D_e	0.05	1.0	1	0.05
all	minimal	B_bin.12	B_bin.17	M_h_e	0.05	1.0	1	0.05
all	minimal	B_bin.12	B_bin.17	M_nh4_e	0.05	0.03	1	0.0015
all	minimal	B_bin.12	B_bin.17	M_o2_e	0.05	0.92	1	0.046000000000000006
all	minimal	B_bin.12	B_bin.17	M_pi_e	0.05	0.34	1	0.017
all	minimal	B_bin.12	B_bin.17	M_thm_e	0.05	0.03	1	0.0015
all	minimal	B_bin.12	B_bin.18	M_etoh_e	0.05	0.03	1	0.0015
all	minimal	B_bin.12	B_bin.18	M_fe2_e	0.05	0.93	1	0.04650000000000001
all	minimal	B_bin.12	B_bin.18	M_fe3_e	0.05	0.02	1	0.001
all	minimal	B_bin.12	B_bin.18	M_h_e	0.05	1.0	1	0.05
all	minimal	B_bin.12	B_bin.18	M_istfrnB_e	0.05	0.04	1	0.002
all	minimal	B_bin.12	B_bin.18	M_nh4_e	0.05	0.03	1	0.0015
all	minimal	B_bin.12	B_bin.18	M_o2_e	0.05	0.92	1	0.046000000000000006
all	minimal	B_bin.12	B_bin.18	M_pi_e	0.05	0.34	1	0.017
all	minimal	B_bin.12	B_bin.18	M_thm_e	0.05	0.03	1	0.0015
all	minimal	B_bin.12	B_bin.18	M_ura_e	0.05	0.04	1	0.002
all	minimal	B_bin.12	B_bin.20	M_fe2_e	1.0	0.93	1	0.93
all	minimal	B_bin.12	B_bin.20	M_fe3_e	1.0	0.02	1	0.02
all	minimal	B_bin.12	B_bin.20	M_glc__D_e	1.0	1.0	1	1.0
all	minimal	B_bin.12	B_bin.20	M_glu__L_e	1.0	0.02	1	0.02
all	minimal	B_bin.12	B_bin.20	M_h_e	1.0	1.0	1	1.0
all	minimal	B_bin.12	B_bin.20	M_ile__L_e	1.0	1.0	1	1.0
all	minimal	B_bin.12	B_bin.20	M_indole_e	1.0	0.06	1	0.06
all	minimal	B_bin.12	B_bin.20	M_istfrnB_e	1.0	0.04	1	0.04
all	minimal	B_bin.12	B_bin.20	M_leu__L_e	1.0	1.0	1	1.0
all	minimal	B_bin.12	B_bin.20	M_lys__L_e	1.0	0.04	1	0.04
all	minimal	B_bin.12	B_bin.20	M_nh4_e	1.0	0.03	1	0.03
all	minimal	B_bin.12	B_bin.20	M_thr__L_e	1.0	1.0	1	1.0
all	minimal	B_bin.12	B_bin.20	M_ura_e	1.0	0.04	1	0.04
all	minimal	B_bin.12	B_bin.20	M_val__L_e	1.0	1.0	1	1.0
all	minimal	B_bin.12	B_bin.21	M_cys__L_e	0.05	0.01	1	0.0005
all	minimal	B_bin.12	B_bin.21	M_etoh_e	0.05	0.03	1	0.0015
all	minimal	B_bin.12	B_bin.21	M_fe2_e	0.05	0.93	1	0.04650000000000001
all	minimal	B_bin.12	B_bin.21	M_fe3_e	0.05	0.02	1	0.001
all	minimal	B_bin.12	B_bin.21	M_h_e	0.05	1.0	1	0.05
all	minimal	B_bin.12	B_bin.21	M_indole_e	0.05	0.06	1	0.003
all	minimal	B_bin.12	B_bin.21	M_istfrnB_e	0.05	0.04	1	0.002
all	minimal	B_bin.12	B_bin.21	M_nh4_e	0.05	0.03	1	0.0015
all	minimal	B_bin.12	B_bin.21	M_pheme_e	0.05	1.0	1	0.05
all	minimal	B_bin.12	B_bin.21	M_ura_e	0.05	0.04	1	0.002
all	minimal	B_bin.12	B_bin.23	M_arg__L_e	0.05	1.0	1	0.05
all	minimal	B_bin.12	B_bin.23	M_etoh_e	0.05	0.03	1	0.0015
all	minimal	B_bin.12	B_bin.23	M_fe2_e	0.05	0.93	1	0.04650000000000001
all	minimal	B_bin.12	B_bin.23	M_fe3_e	0.05	0.02	1	0.001
all	minimal	B_bin.12	B_bin.23	M_h_e	0.05	1.0	1	0.05
all	minimal	B_bin.12	B_bin.23	M_ile__L_e	0.05	1.0	1	0.05
all	minimal	B_bin.12	B_bin.23	M_leu__L_e	0.05	1.0	1	0.05
all	minimal	B_bin.12	B_bin.23	M_lys__L_e	0.05	0.04	1	0.002
all	minimal	B_bin.12	B_bin.23	M_mal__L_e	0.05	0.03	1	0.0015
all	minimal	B_bin.12	B_bin.23	M_nh4_e	0.05	0.03	1	0.0015
all	minimal	B_bin.12	B_bin.23	M_o2_e	0.05	0.92	1	0.046000000000000006
all	minimal	B_bin.12	B_bin.23	M_pheme_e	0.05	1.0	1	0.05
all	minimal	B_bin.12	B_bin.23	M_pi_e	0.05	0.34	1	0.017
all	minimal	B_bin.12	B_bin.23	M_thm_e	0.05	0.03	1	0.0015
all	minimal	B_bin.12	B_bin.23	M_ura_e	0.05	0.04	1	0.002
all	minimal	B_bin.12	B_bin.23	M_val__L_e	0.05	1.0	1	0.05
all	minimal	B_bin.12	B_bin.24	M_fe2_e	0.05	0.93	1	0.04650000000000001
all	minimal	B_bin.12	B_bin.24	M_fe3_e	0.05	0.02	1	0.001
all	minimal	B_bin.12	B_bin.24	M_glc__D_e	0.05	1.0	1	0.05
all	minimal	B_bin.12	B_bin.24	M_nh4_e	0.05	0.03	1	0.0015
all	minimal	B_bin.12	B_bin.24	M_pheme_e	0.05	1.0	1	0.05
all	minimal	B_bin.12	B_bin.25	M_fe2_e	0.07	0.93	1	0.0651
all	minimal	B_bin.12	B_bin.25	M_fe3_e	0.07	0.02	1	0.0014000000000000002
all	minimal	B_bin.12	B_bin.25	M_h_e	0.07	1.0	1	0.07
all	minimal	B_bin.12	B_bin.25	M_istfrnB_e	0.07	0.04	1	0.0028000000000000004
all	minimal	B_bin.12	B_bin.25	M_mal__L_e	0.07	0.03	1	0.0021000000000000003
all	minimal	B_bin.12	B_bin.25	M_nh4_e	0.07	0.03	1	0.0021000000000000003
all	minimal	B_bin.12	B_bin.25	M_pi_e	0.07	0.34	1	0.023800000000000005
all	minimal	B_bin.12	B_bin.25	M_ura_e	0.07	0.04	1	0.0028000000000000004
all	minimal	B_bin.12	B_bin.26	M_fe2_e	0.05	0.93	1	0.04650000000000001
all	minimal	B_bin.12	B_bin.26	M_fe3_e	0.05	0.02	1	0.001
all	minimal	B_bin.12	B_bin.26	M_h_e	0.05	1.0	1	0.05
all	minimal	B_bin.12	B_bin.26	M_istfrnB_e	0.05	0.04	1	0.002
all	minimal	B_bin.12	B_bin.26	M_nh4_e	0.05	0.03	1	0.0015
all	minimal	B_bin.12	B_bin.28	M_fe2_e	0.23	0.93	1	0.2139
all	minimal	B_bin.12	B_bin.28	M_fe3_e	0.23	0.02	1	0.0046
all	minimal	B_bin.12	B_bin.28	M_glc__D_e	0.23	1.0	1	0.23
all	minimal	B_bin.12	B_bin.28	M_h_e	0.23	1.0	1	0.23
all	minimal	B_bin.12	B_bin.28	M_istfrnB_e	0.23	0.04	1	0.0092
all	minimal	B_bin.12	B_bin.28	M_mal__L_e	0.23	0.03	1	0.0069
all	minimal	B_bin.12	B_bin.28	M_nh4_e	0.23	0.03	1	0.0069
all	minimal	B_bin.12	B_bin.28	M_ser__L_e	0.23	0.01	1	0.0023
all	minimal	B_bin.12	B_bin.29	M_ala__L_e	0.2	0.03	1	0.006
all	minimal	B_bin.12	B_bin.29	M_etoh_e	0.2	0.03	1	0.006
all	minimal	B_bin.12	B_bin.29	M_fe2_e	0.2	0.93	1	0.18600000000000003
all	minimal	B_bin.12	B_bin.29	M_fe3_e	0.2	0.02	1	0.004
all	minimal	B_bin.12	B_bin.29	M_h_e	0.2	1.0	1	0.2
all	minimal	B_bin.12	B_bin.29	M_istfrnB_e	0.2	0.04	1	0.008
all	minimal	B_bin.12	B_bin.29	M_lys__L_e	0.2	0.04	1	0.008
all	minimal	B_bin.12	B_bin.29	M_mal__L_e	0.2	0.03	1	0.006
all	minimal	B_bin.12	B_bin.29	M_nh4_e	0.2	0.03	1	0.006
all	minimal	B_bin.12	B_bin.29	M_o2_e	0.2	0.92	1	0.18400000000000002
all	minimal	B_bin.12	B_bin.29	M_ser__L_e	0.2	0.01	1	0.002
all	minimal	B_bin.12	B_bin.29	M_thm_e	0.2	0.03	1	0.006
all	minimal	B_bin.12	B_bin.29	M_ura_e	0.2	0.04	1	0.008
all	minimal	B_bin.12	B_bin.3	M_fe2_e	0.05	0.93	1	0.04650000000000001
all	minimal	B_bin.12	B_bin.3	M_fe3_e	0.05	0.02	1	0.001
all	minimal	B_bin.12	B_bin.3	M_h_e	0.05	1.0	1	0.05
all	minimal	B_bin.12	B_bin.3	M_istfrnB_e	0.05	0.04	1	0.002
all	minimal	B_bin.12	B_bin.3	M_mal__L_e	0.05	0.03	1	0.0015
all	minimal	B_bin.12	B_bin.3	M_nh4_e	0.05	0.03	1	0.0015
all	minimal	B_bin.12	B_bin.31	M_fe2_e	0.22	0.93	1	0.2046
all	minimal	B_bin.12	B_bin.31	M_fe3_e	0.22	0.02	1	0.0044
all	minimal	B_bin.12	B_bin.31	M_h_e	0.22	1.0	1	0.22
all	minimal	B_bin.12	B_bin.31	M_istfrnB_e	0.22	0.04	1	0.0088
all	minimal	B_bin.12	B_bin.31	M_mal__L_e	0.22	0.03	1	0.0066
all	minimal	B_bin.12	B_bin.31	M_nh4_e	0.22	0.03	1	0.0066
all	minimal	B_bin.12	B_bin.31	M_ser__L_e	0.22	0.01	1	0.0022
all	minimal	B_bin.12	B_bin.32	M_etoh_e	0.05	0.03	1	0.0015
all	minimal	B_bin.12	B_bin.32	M_fe2_e	0.05	0.93	1	0.04650000000000001
all	minimal	B_bin.12	B_bin.32	M_fe3_e	0.05	0.02	1	0.001
all	minimal	B_bin.12	B_bin.32	M_h_e	0.05	1.0	1	0.05
all	minimal	B_bin.12	B_bin.32	M_indole_e	0.05	0.06	1	0.003
all	minimal	B_bin.12	B_bin.32	M_istfrnB_e	0.05	0.04	1	0.002
all	minimal	B_bin.12	B_bin.32	M_mal__L_e	0.05	0.03	1	0.0015
all	minimal	B_bin.12	B_bin.32	M_nh4_e	0.05	0.03	1	0.0015
all	minimal	B_bin.12	B_bin.32	M_o2_e	0.05	0.92	1	0.046000000000000006
all	minimal	B_bin.12	B_bin.32	M_pi_e	0.05	0.34	1	0.017
all	minimal	B_bin.12	B_bin.32	M_thm_e	0.05	0.03	1	0.0015
all	minimal	B_bin.12	B_bin.32	M_ura_e	0.05	0.04	1	0.002
all	minimal	B_bin.12	B_bin.33	M_fe3_e	0.05	0.02	1	0.001
all	minimal	B_bin.12	B_bin.33	M_nh4_e	0.05	0.03	1	0.0015
all	minimal	B_bin.12	B_bin.34	M_fe3_e	0.04	0.02	1	0.0008
all	minimal	B_bin.12	B_bin.34	M_fum_e	0.04	0.03	1	0.0012
all	minimal	B_bin.12	B_bin.34	M_h_e	0.04	1.0	1	0.04
all	minimal	B_bin.12	B_bin.34	M_mal__L_e	0.04	0.03	1	0.0012
all	minimal	B_bin.12	B_bin.34	M_nh4_e	0.04	0.03	1	0.0012
all	minimal	B_bin.12	B_bin.34	M_o2_e	0.04	0.92	1	0.0368
all	minimal	B_bin.12	B_bin.34	M_pi_e	0.04	0.34	1	0.013600000000000001
all	minimal	B_bin.12	B_bin.34	M_thm_e	0.04	0.03	1	0.0012
all	minimal	B_bin.12	B_bin.37	M_cys__L_e	0.25	0.01	1	0.0025
all	minimal	B_bin.12	B_bin.37	M_fe2_e	0.25	0.93	1	0.2325
all	minimal	B_bin.12	B_bin.37	M_fe3_e	0.25	0.02	1	0.005
all	minimal	B_bin.12	B_bin.37	M_glc__D_e	0.25	1.0	1	0.25
all	minimal	B_bin.12	B_bin.37	M_h_e	0.25	1.0	1	0.25
all	minimal	B_bin.12	B_bin.37	M_nh4_e	0.25	0.03	1	0.0075
all	minimal	B_bin.12	B_bin.37	M_o2_e	0.25	0.92	1	0.23
all	minimal	B_bin.12	B_bin.37	M_pi_e	0.25	0.34	1	0.085
all	minimal	B_bin.12	B_bin.37	M_ser__L_e	0.25	0.01	1	0.0025
all	minimal	B_bin.12	B_bin.37	M_thm_e	0.25	0.03	1	0.0075
all	minimal	B_bin.12	B_bin.37	M_ura_e	0.25	0.04	1	0.01
all	minimal	B_bin.12	B_bin.5	M_fe2_e	0.05	0.93	1	0.04650000000000001
all	minimal	B_bin.12	B_bin.5	M_fe3_e	0.05	0.02	1	0.001
all	minimal	B_bin.12	B_bin.5	M_nh4_e	0.05	0.03	1	0.0015
all	minimal	B_bin.12	B_bin.5	M_pi_e	0.05	0.34	1	0.017
all	minimal	B_bin.12	B_bin.5	M_ura_e	0.05	0.04	1	0.002
all	minimal	B_bin.12	B_bin.6	M_fe2_e	1.0	0.93	1	0.93
all	minimal	B_bin.12	B_bin.6	M_fe3_e	1.0	0.02	1	0.02
all	minimal	B_bin.12	B_bin.6	M_glc__D_e	1.0	1.0	1	1.0
all	minimal	B_bin.12	B_bin.6	M_glu__L_e	1.0	0.02	1	0.02
all	minimal	B_bin.12	B_bin.6	M_h_e	1.0	1.0	1	1.0
all	minimal	B_bin.12	B_bin.6	M_his__L_e	1.0	1.0	1	1.0
all	minimal	B_bin.12	B_bin.6	M_lys__L_e	1.0	0.04	1	0.04
all	minimal	B_bin.12	B_bin.6	M_nh4_e	1.0	0.03	1	0.03
all	minimal	B_bin.12	B_bin.6	M_pheme_e	1.0	1.0	1	1.0
all	minimal	B_bin.12	B_bin.6	M_pi_e	1.0	0.34	1	0.34
all	minimal	B_bin.12	B_bin.7	M_arg__L_e	1.0	1.0	1	1.0
all	minimal	B_bin.12	B_bin.7	M_etoh_e	1.0	0.03	1	0.03
all	minimal	B_bin.12	B_bin.7	M_fe3_e	1.0	0.02	1	0.02
all	minimal	B_bin.12	B_bin.7	M_glu__L_e	1.0	0.02	1	0.02
all	minimal	B_bin.12	B_bin.7	M_h_e	1.0	1.0	1	1.0
all	minimal	B_bin.12	B_bin.7	M_lys__L_e	1.0	0.04	1	0.04
all	minimal	B_bin.12	B_bin.7	M_mal__L_e	1.0	0.03	1	0.03
all	minimal	B_bin.12	B_bin.7	M_nh4_e	1.0	0.03	1	0.03
all	minimal	B_bin.12	B_bin.7	M_o2_e	1.0	0.92	1	0.92
all	minimal	B_bin.12	B_bin.7	M_pheme_e	1.0	1.0	1	1.0
all	minimal	B_bin.12	B_bin.7	M_thm_e	1.0	0.03	1	0.03
all	minimal	B_bin.12	B_bin.8	M_fe2_e	0.25	0.93	1	0.2325
all	minimal	B_bin.12	B_bin.8	M_fe3_e	0.25	0.02	1	0.005
all	minimal	B_bin.12	B_bin.8	M_h_e	0.25	1.0	1	0.25
all	minimal	B_bin.12	B_bin.8	M_indole_e	0.25	0.06	1	0.015
all	minimal	B_bin.12	B_bin.8	M_istfrnB_e	0.25	0.04	1	0.01
all	minimal	B_bin.12	B_bin.8	M_lys__L_e	0.25	0.04	1	0.01
all	minimal	B_bin.12	B_bin.8	M_nh4_e	0.25	0.03	1	0.0075
all	minimal	B_bin.12	B_bin.8	M_o2_e	0.25	0.92	1	0.23
all	minimal	B_bin.12	B_bin.8	M_pi_e	0.25	0.34	1	0.085
all	minimal	B_bin.12	B_bin.8	M_ser__L_e	0.25	0.01	1	0.0025
all	minimal	B_bin.12	B_bin.8	M_thm_e	0.25	0.03	1	0.0075
all	minimal	B_bin.12	B_bin.8	M_ura_e	0.25	0.04	1	0.01
all	minimal	B_bin.12	B_bin.9	M_fe2_e	0.04	0.93	1	0.037200000000000004
all	minimal	B_bin.12	B_bin.9	M_fe3_e	0.04	0.02	1	0.0008
all	minimal	B_bin.12	B_bin.9	M_h_e	0.04	1.0	1	0.04
all	minimal	B_bin.12	B_bin.9	M_indole_e	0.04	0.06	1	0.0024
all	minimal	B_bin.12	B_bin.9	M_istfrnB_e	0.04	0.04	1	0.0016
all	minimal	B_bin.12	B_bin.9	M_mal__L_e	0.04	0.03	1	0.0012
all	minimal	B_bin.12	B_bin.9	M_nh4_e	0.04	0.03	1	0.0012
all	minimal	B_bin.12	B_bin.9	M_pi_e	0.04	0.34	1	0.013600000000000001
all	minimal	B_bin.12	B_bin.9	M_ura_e	0.04	0.04	1	0.0016
all	minimal	B_bin.14	B_bin.1	M_ala__D_e	0.06451612903225806	0.07	1	0.004516129032258065
all	minimal	B_bin.14	B_bin.1	M_cys__L_e	0.06451612903225806	0.04	1	0.0025806451612903226
all	minimal	B_bin.14	B_bin.1	M_fe3_e	0.06451612903225806	0.06	1	0.0038709677419354834
all	minimal	B_bin.14	B_bin.1	M_glc__D_e	0.06451612903225806	0.01	1	0.0006451612903225806
all	minimal	B_bin.14	B_bin.1	M_glyc_e	0.06451612903225806	0.31	1	0.02
all	minimal	B_bin.14	B_bin.1	M_h2s_e	0.06451612903225806	0.04	1	0.0025806451612903226
all	minimal	B_bin.14	B_bin.1	M_h_e	0.06451612903225806	0.01	1	0.0006451612903225806
all	minimal	B_bin.14	B_bin.1	M_o2_e	0.06451612903225806	0.01	1	0.0006451612903225806
all	minimal	B_bin.14	B_bin.1	M_pi_e	0.06451612903225806	0.04	1	0.0025806451612903226
all	minimal	B_bin.14	B_bin.1	M_rib__D_e	0.06451612903225806	0.01	1	0.0006451612903225806
all	minimal	B_bin.14	B_bin.10	M_asp__D_e	0.6612903225806451	0.05	1	0.03306451612903226
all	minimal	B_bin.14	B_bin.10	M_fe2_e	0.6612903225806451	0.71	1	0.46951612903225803
all	minimal	B_bin.14	B_bin.10	M_fe3_e	0.6612903225806451	0.06	1	0.039677419354838706
all	minimal	B_bin.14	B_bin.10	M_gal_e	0.6612903225806451	0.26	1	0.17193548387096774
all	minimal	B_bin.14	B_bin.10	M_glyc_e	0.6612903225806451	0.31	1	0.205
all	minimal	B_bin.14	B_bin.10	M_h2s_e	0.6612903225806451	0.04	1	0.026451612903225806
all	minimal	B_bin.14	B_bin.10	M_h_e	0.6612903225806451	0.01	1	0.0066129032258064515
all	minimal	B_bin.14	B_bin.10	M_inost_e	0.6612903225806451	0.01	1	0.0066129032258064515
all	minimal	B_bin.14	B_bin.10	M_mal__L_e	0.6612903225806451	1.0	1	0.6612903225806451
all	minimal	B_bin.14	B_bin.10	M_o2_e	0.6612903225806451	0.01	1	0.0066129032258064515
all	minimal	B_bin.14	B_bin.10	M_pi_e	0.6612903225806451	0.04	1	0.026451612903225806
all	minimal	B_bin.14	B_bin.10	M_rib__D_e	0.6612903225806451	0.01	1	0.0066129032258064515
all	minimal	B_bin.14	B_bin.11	M_cys__L_e	0.04838709677419355	0.04	1	0.001935483870967742
all	minimal	B_bin.14	B_bin.11	M_fe2_e	0.04838709677419355	0.71	1	0.03435483870967742
all	minimal	B_bin.14	B_bin.11	M_fe3_e	0.04838709677419355	0.06	1	0.0029032258064516127
all	minimal	B_bin.14	B_bin.11	M_glc__D_e	0.04838709677419355	0.01	1	0.0004838709677419355
all	minimal	B_bin.14	B_bin.11	M_h_e	0.04838709677419355	0.01	1	0.0004838709677419355
all	minimal	B_bin.14	B_bin.11	M_inost_e	0.04838709677419355	0.01	1	0.0004838709677419355
all	minimal	B_bin.14	B_bin.11	M_rib__D_e	0.04838709677419355	0.01	1	0.0004838709677419355
all	minimal	B_bin.14	B_bin.12	M_ala__D_e	0.04838709677419355	0.07	1	0.0033870967741935487
all	minimal	B_bin.14	B_bin.12	M_fe2_e	0.04838709677419355	0.71	1	0.03435483870967742
all	minimal	B_bin.14	B_bin.12	M_fe3_e	0.04838709677419355	0.06	1	0.0029032258064516127
all	minimal	B_bin.14	B_bin.12	M_glyc_e	0.04838709677419355	0.31	1	0.015
all	minimal	B_bin.14	B_bin.12	M_h2s_e	0.04838709677419355	0.04	1	0.001935483870967742
all	minimal	B_bin.14	B_bin.12	M_h_e	0.04838709677419355	0.01	1	0.0004838709677419355
all	minimal	B_bin.14	B_bin.12	M_o2_e	0.04838709677419355	0.01	1	0.0004838709677419355
all	minimal	B_bin.14	B_bin.12	M_pi_e	0.04838709677419355	0.04	1	0.001935483870967742
all	minimal	B_bin.14	B_bin.12	M_rib__D_e	0.04838709677419355	0.01	1	0.0004838709677419355
all	minimal	B_bin.14	B_bin.15	M_fe2_e	0.04838709677419355	0.71	1	0.03435483870967742
all	minimal	B_bin.14	B_bin.15	M_fe3_e	0.04838709677419355	0.06	1	0.0029032258064516127
all	minimal	B_bin.14	B_bin.15	M_h_e	0.04838709677419355	0.01	1	0.0004838709677419355
all	minimal	B_bin.14	B_bin.17	M_coa_e	0.0967741935483871	0.75	1	0.07258064516129031
all	minimal	B_bin.14	B_bin.17	M_cys__L_e	0.0967741935483871	0.04	1	0.003870967741935484
all	minimal	B_bin.14	B_bin.17	M_etoh_e	0.0967741935483871	0.29	1	0.028064516129032255
all	minimal	B_bin.14	B_bin.17	M_fe3_e	0.0967741935483871	0.06	1	0.005806451612903225
all	minimal	B_bin.14	B_bin.17	M_glc__D_e	0.0967741935483871	0.01	1	0.000967741935483871
all	minimal	B_bin.14	B_bin.17	M_glyc_e	0.0967741935483871	0.31	1	0.03
all	minimal	B_bin.14	B_bin.17	M_h2s_e	0.0967741935483871	0.04	1	0.003870967741935484
all	minimal	B_bin.14	B_bin.17	M_h_e	0.0967741935483871	0.01	1	0.000967741935483871
all	minimal	B_bin.14	B_bin.17	M_o2_e	0.0967741935483871	0.01	1	0.000967741935483871
all	minimal	B_bin.14	B_bin.17	M_pi_e	0.0967741935483871	0.04	1	0.003870967741935484
all	minimal	B_bin.14	B_bin.18	M_etoh_e	0.08064516129032258	0.29	1	0.023387096774193546
all	minimal	B_bin.14	B_bin.18	M_fe2_e	0.08064516129032258	0.71	1	0.057258064516129026
all	minimal	B_bin.14	B_bin.18	M_fe3_e	0.08064516129032258	0.06	1	0.004838709677419354
all	minimal	B_bin.14	B_bin.18	M_glyc3p_e	0.08064516129032258	0.96	1	0.07741935483870967
all	minimal	B_bin.14	B_bin.18	M_glyc_e	0.08064516129032258	0.31	1	0.024999999999999998
all	minimal	B_bin.14	B_bin.18	M_h2s_e	0.08064516129032258	0.04	1	0.0032258064516129032
all	minimal	B_bin.14	B_bin.18	M_h_e	0.08064516129032258	0.01	1	0.0008064516129032258
all	minimal	B_bin.14	B_bin.18	M_o2_e	0.08064516129032258	0.01	1	0.0008064516129032258
all	minimal	B_bin.14	B_bin.18	M_pi_e	0.08064516129032258	0.04	1	0.0032258064516129032
all	minimal	B_bin.14	B_bin.18	M_rib__D_e	0.08064516129032258	0.01	1	0.0008064516129032258
all	minimal	B_bin.14	B_bin.20	M_ala__D_e	0.06451612903225806	0.07	1	0.004516129032258065
all	minimal	B_bin.14	B_bin.20	M_fe2_e	0.06451612903225806	0.71	1	0.04580645161290322
all	minimal	B_bin.14	B_bin.20	M_fe3_e	0.06451612903225806	0.06	1	0.0038709677419354834
all	minimal	B_bin.14	B_bin.20	M_glc__D_e	0.06451612903225806	0.01	1	0.0006451612903225806
all	minimal	B_bin.14	B_bin.20	M_glu__L_e	0.06451612903225806	0.08	1	0.005161290322580645
all	minimal	B_bin.14	B_bin.20	M_h2s_e	0.06451612903225806	0.04	1	0.0025806451612903226
all	minimal	B_bin.14	B_bin.20	M_h_e	0.06451612903225806	0.01	1	0.0006451612903225806
all	minimal	B_bin.14	B_bin.20	M_inost_e	0.06451612903225806	0.01	1	0.0006451612903225806
all	minimal	B_bin.14	B_bin.20	M_rib__D_e	0.06451612903225806	0.01	1	0.0006451612903225806
all	minimal	B_bin.14	B_bin.21	M_cys__L_e	0.04838709677419355	0.04	1	0.001935483870967742
all	minimal	B_bin.14	B_bin.21	M_etoh_e	0.04838709677419355	0.29	1	0.014032258064516127
all	minimal	B_bin.14	B_bin.21	M_fe2_e	0.04838709677419355	0.71	1	0.03435483870967742
all	minimal	B_bin.14	B_bin.21	M_fe3_e	0.04838709677419355	0.06	1	0.0029032258064516127
all	minimal	B_bin.14	B_bin.21	M_for_e	0.04838709677419355	0.02	1	0.000967741935483871
all	minimal	B_bin.14	B_bin.21	M_h2s_e	0.04838709677419355	0.04	1	0.001935483870967742
all	minimal	B_bin.14	B_bin.21	M_h_e	0.04838709677419355	0.01	1	0.0004838709677419355
all	minimal	B_bin.14	B_bin.21	M_rib__D_e	0.04838709677419355	0.01	1	0.0004838709677419355
all	minimal	B_bin.14	B_bin.23	M_bz_e	0.11290322580645161	0.03	1	0.0033870967741935483
all	minimal	B_bin.14	B_bin.23	M_coa_e	0.11290322580645161	0.75	1	0.0846774193548387
all	minimal	B_bin.14	B_bin.23	M_etoh_e	0.11290322580645161	0.29	1	0.032741935483870964
all	minimal	B_bin.14	B_bin.23	M_fe2_e	0.11290322580645161	0.71	1	0.08016129032258064
all	minimal	B_bin.14	B_bin.23	M_fe3_e	0.11290322580645161	0.06	1	0.0067741935483870966
all	minimal	B_bin.14	B_bin.23	M_for_e	0.11290322580645161	0.02	1	0.002258064516129032
all	minimal	B_bin.14	B_bin.23	M_glyc_e	0.11290322580645161	0.31	1	0.034999999999999996
all	minimal	B_bin.14	B_bin.23	M_h2s_e	0.11290322580645161	0.04	1	0.004516129032258064
all	minimal	B_bin.14	B_bin.23	M_h_e	0.11290322580645161	0.01	1	0.001129032258064516
all	minimal	B_bin.14	B_bin.23	M_mal__L_e	0.11290322580645161	1.0	1	0.11290322580645161
all	minimal	B_bin.14	B_bin.23	M_o2_e	0.11290322580645161	0.01	1	0.001129032258064516
all	minimal	B_bin.14	B_bin.23	M_pi_e	0.11290322580645161	0.04	1	0.004516129032258064
all	minimal	B_bin.14	B_bin.23	M_rib__D_e	0.11290322580645161	0.01	1	0.001129032258064516
all	minimal	B_bin.14	B_bin.24	M_cytd_e	0.14516129032258066	0.01	1	0.0014516129032258066
all	minimal	B_bin.14	B_bin.24	M_fe2_e	0.14516129032258066	0.71	1	0.10306451612903227
all	minimal	B_bin.14	B_bin.24	M_fe3_e	0.14516129032258066	0.06	1	0.00870967741935484
all	minimal	B_bin.14	B_bin.24	M_gal_e	0.14516129032258066	0.26	1	0.03774193548387097
all	minimal	B_bin.14	B_bin.24	M_glc__D_e	0.14516129032258066	0.01	1	0.0014516129032258066
all	minimal	B_bin.14	B_bin.24	M_glyc_e	0.14516129032258066	0.31	1	0.045000000000000005
all	minimal	B_bin.14	B_bin.24	M_h2s_e	0.14516129032258066	0.04	1	0.005806451612903226
all	minimal	B_bin.14	B_bin.24	M_inost_e	0.14516129032258066	0.01	1	0.0014516129032258066
all	minimal	B_bin.14	B_bin.24	M_pnto__R_e	0.14516129032258066	0.25	1	0.036290322580645164
all	minimal	B_bin.14	B_bin.24	M_rib__D_e	0.14516129032258066	0.01	1	0.0014516129032258066
all	minimal	B_bin.14	B_bin.25	M_ala__D_e	0.016129032258064516	0.07	1	0.0011290322580645162
all	minimal	B_bin.14	B_bin.25	M_bz_e	0.016129032258064516	0.03	1	0.00048387096774193543
all	minimal	B_bin.14	B_bin.25	M_fe2_e	0.016129032258064516	0.71	1	0.011451612903225805
all	minimal	B_bin.14	B_bin.25	M_fe3_e	0.016129032258064516	0.06	1	0.0009677419354838709
all	minimal	B_bin.14	B_bin.25	M_h2s_e	0.016129032258064516	0.04	1	0.0006451612903225806
all	minimal	B_bin.14	B_bin.25	M_h_e	0.016129032258064516	0.01	1	0.00016129032258064516
all	minimal	B_bin.14	B_bin.25	M_mal__L_e	0.016129032258064516	1.0	1	0.016129032258064516
all	minimal	B_bin.14	B_bin.25	M_pi_e	0.016129032258064516	0.04	1	0.0006451612903225806
all	minimal	B_bin.14	B_bin.28	M_fe2_e	0.22580645161290322	0.71	1	0.16032258064516128
all	minimal	B_bin.14	B_bin.28	M_fe3_e	0.22580645161290322	0.06	1	0.013548387096774193
all	minimal	B_bin.14	B_bin.28	M_for_e	0.22580645161290322	0.02	1	0.004516129032258064
all	minimal	B_bin.14	B_bin.28	M_glc__D_e	0.22580645161290322	0.01	1	0.002258064516129032
all	minimal	B_bin.14	B_bin.28	M_glyc3p_e	0.22580645161290322	0.96	1	0.2167741935483871
all	minimal	B_bin.14	B_bin.28	M_glyc_e	0.22580645161290322	0.31	1	0.06999999999999999
all	minimal	B_bin.14	B_bin.28	M_h2s_e	0.22580645161290322	0.04	1	0.009032258064516128
all	minimal	B_bin.14	B_bin.28	M_h_e	0.22580645161290322	0.01	1	0.002258064516129032
all	minimal	B_bin.14	B_bin.28	M_inost_e	0.22580645161290322	0.01	1	0.002258064516129032
all	minimal	B_bin.14	B_bin.28	M_mal__L_e	0.22580645161290322	1.0	1	0.22580645161290322
all	minimal	B_bin.14	B_bin.28	M_rib__D_e	0.22580645161290322	0.01	1	0.002258064516129032
all	minimal	B_bin.14	B_bin.28	M_ser__L_e	0.22580645161290322	1.0	1	0.22580645161290322
all	minimal	B_bin.14	B_bin.29	M_ala__L_e	0.43548387096774194	0.03	1	0.013064516129032257
all	minimal	B_bin.14	B_bin.29	M_etoh_e	0.43548387096774194	0.29	1	0.12629032258064515
all	minimal	B_bin.14	B_bin.29	M_fe2_e	0.43548387096774194	0.71	1	0.3091935483870968
all	minimal	B_bin.14	B_bin.29	M_fe3_e	0.43548387096774194	0.06	1	0.026129032258064514
all	minimal	B_bin.14	B_bin.29	M_glyc3p_e	0.43548387096774194	0.96	1	0.4180645161290322
all	minimal	B_bin.14	B_bin.29	M_glyc_e	0.43548387096774194	0.31	1	0.135
all	minimal	B_bin.14	B_bin.29	M_h2s_e	0.43548387096774194	0.04	1	0.01741935483870968
all	minimal	B_bin.14	B_bin.29	M_h_e	0.43548387096774194	0.01	1	0.00435483870967742
all	minimal	B_bin.14	B_bin.29	M_mal__L_e	0.43548387096774194	1.0	1	0.43548387096774194
all	minimal	B_bin.14	B_bin.29	M_o2_e	0.43548387096774194	0.01	1	0.00435483870967742
all	minimal	B_bin.14	B_bin.29	M_rib__D_e	0.43548387096774194	0.01	1	0.00435483870967742
all	minimal	B_bin.14	B_bin.29	M_ser__L_e	0.43548387096774194	1.0	1	0.43548387096774194
all	minimal	B_bin.14	B_bin.31	M_fe2_e	0.04838709677419355	0.71	1	0.03435483870967742
all	minimal	B_bin.14	B_bin.31	M_fe3_e	0.04838709677419355	0.06	1	0.0029032258064516127
all	minimal	B_bin.14	B_bin.31	M_glyc3p_e	0.04838709677419355	0.96	1	0.0464516129032258
all	minimal	B_bin.14	B_bin.31	M_h_e	0.04838709677419355	0.01	1	0.0004838709677419355
all	minimal	B_bin.14	B_bin.31	M_mal__L_e	0.04838709677419355	1.0	1	0.04838709677419355
all	minimal	B_bin.14	B_bin.31	M_ser__L_e	0.04838709677419355	1.0	1	0.04838709677419355
all	minimal	B_bin.14	B_bin.32	M_etoh_e	0.08064516129032258	0.29	1	0.023387096774193546
all	minimal	B_bin.14	B_bin.32	M_fe2_e	0.08064516129032258	0.71	1	0.057258064516129026
all	minimal	B_bin.14	B_bin.32	M_fe3_e	0.08064516129032258	0.06	1	0.004838709677419354
all	minimal	B_bin.14	B_bin.32	M_gal_e	0.08064516129032258	0.26	1	0.020967741935483872
all	minimal	B_bin.14	B_bin.32	M_glyc3p_e	0.08064516129032258	0.96	1	0.07741935483870967
all	minimal	B_bin.14	B_bin.32	M_glyc_e	0.08064516129032258	0.31	1	0.024999999999999998
all	minimal	B_bin.14	B_bin.32	M_h_e	0.08064516129032258	0.01	1	0.0008064516129032258
all	minimal	B_bin.14	B_bin.32	M_mal__L_e	0.08064516129032258	1.0	1	0.08064516129032258
all	minimal	B_bin.14	B_bin.32	M_o2_e	0.08064516129032258	0.01	1	0.0008064516129032258
all	minimal	B_bin.14	B_bin.32	M_pi_e	0.08064516129032258	0.04	1	0.0032258064516129032
all	minimal	B_bin.14	B_bin.37	M_cys__L_e	0.22580645161290322	0.04	1	0.009032258064516128
all	minimal	B_bin.14	B_bin.37	M_fe2_e	0.22580645161290322	0.71	1	0.16032258064516128
all	minimal	B_bin.14	B_bin.37	M_fe3_e	0.22580645161290322	0.06	1	0.013548387096774193
all	minimal	B_bin.14	B_bin.37	M_glc__D_e	0.22580645161290322	0.01	1	0.002258064516129032
all	minimal	B_bin.14	B_bin.37	M_glyc3p_e	0.22580645161290322	0.96	1	0.2167741935483871
all	minimal	B_bin.14	B_bin.37	M_glyc_e	0.22580645161290322	0.31	1	0.06999999999999999
all	minimal	B_bin.14	B_bin.37	M_h2s_e	0.22580645161290322	0.04	1	0.009032258064516128
all	minimal	B_bin.14	B_bin.37	M_h_e	0.22580645161290322	0.01	1	0.002258064516129032
all	minimal	B_bin.14	B_bin.37	M_o2_e	0.22580645161290322	0.01	1	0.002258064516129032
all	minimal	B_bin.14	B_bin.37	M_pi_e	0.22580645161290322	0.04	1	0.009032258064516128
all	minimal	B_bin.14	B_bin.37	M_rib__D_e	0.22580645161290322	0.01	1	0.002258064516129032
all	minimal	B_bin.14	B_bin.37	M_ser__L_e	0.22580645161290322	1.0	1	0.22580645161290322
all	minimal	B_bin.14	B_bin.5	M_fe2_e	0.06451612903225806	0.71	1	0.04580645161290322
all	minimal	B_bin.14	B_bin.5	M_fe3_e	0.06451612903225806	0.06	1	0.0038709677419354834
all	minimal	B_bin.14	B_bin.5	M_h2s_e	0.06451612903225806	0.04	1	0.0025806451612903226
all	minimal	B_bin.14	B_bin.5	M_pi_e	0.06451612903225806	0.04	1	0.0025806451612903226
all	minimal	B_bin.14	B_bin.6	M_ala__D_e	0.016129032258064516	0.07	1	0.0011290322580645162
all	minimal	B_bin.14	B_bin.6	M_fe2_e	0.016129032258064516	0.71	1	0.011451612903225805
all	minimal	B_bin.14	B_bin.6	M_fe3_e	0.016129032258064516	0.06	1	0.0009677419354838709
all	minimal	B_bin.14	B_bin.6	M_glc__D_e	0.016129032258064516	0.01	1	0.00016129032258064516
all	minimal	B_bin.14	B_bin.6	M_glu__L_e	0.016129032258064516	0.08	1	0.0012903225806451613
all	minimal	B_bin.14	B_bin.6	M_glyc_e	0.016129032258064516	0.31	1	0.005
all	minimal	B_bin.14	B_bin.6	M_h2s_e	0.016129032258064516	0.04	1	0.0006451612903225806
all	minimal	B_bin.14	B_bin.6	M_h_e	0.016129032258064516	0.01	1	0.00016129032258064516
all	minimal	B_bin.14	B_bin.6	M_inost_e	0.016129032258064516	0.01	1	0.00016129032258064516
all	minimal	B_bin.14	B_bin.6	M_pi_e	0.016129032258064516	0.04	1	0.0006451612903225806
all	minimal	B_bin.14	B_bin.6	M_rib__D_e	0.016129032258064516	0.01	1	0.00016129032258064516
all	minimal	B_bin.14	B_bin.7	M_bz_e	0.016129032258064516	0.03	1	0.00048387096774193543
all	minimal	B_bin.14	B_bin.7	M_etoh_e	0.016129032258064516	0.29	1	0.004677419354838709
all	minimal	B_bin.14	B_bin.7	M_fe3_e	0.016129032258064516	0.06	1	0.0009677419354838709
all	minimal	B_bin.14	B_bin.7	M_glu__L_e	0.016129032258064516	0.08	1	0.0012903225806451613
all	minimal	B_bin.14	B_bin.7	M_glyc_e	0.016129032258064516	0.31	1	0.005
all	minimal	B_bin.14	B_bin.7	M_h2s_e	0.016129032258064516	0.04	1	0.0006451612903225806
all	minimal	B_bin.14	B_bin.7	M_h_e	0.016129032258064516	0.01	1	0.00016129032258064516
all	minimal	B_bin.14	B_bin.7	M_mal__L_e	0.016129032258064516	1.0	1	0.016129032258064516
all	minimal	B_bin.14	B_bin.7	M_o2_e	0.016129032258064516	0.01	1	0.00016129032258064516
all	minimal	B_bin.14	B_bin.7	M_rib__D_e	0.016129032258064516	0.01	1	0.00016129032258064516
all	minimal	B_bin.14	B_bin.8	M_ala__D_e	0.5	0.07	1	0.035
all	minimal	B_bin.14	B_bin.8	M_fe2_e	0.5	0.71	1	0.355
all	minimal	B_bin.14	B_bin.8	M_fe3_e	0.5	0.06	1	0.03
all	minimal	B_bin.14	B_bin.8	M_for_e	0.5	0.02	1	0.01
all	minimal	B_bin.14	B_bin.8	M_glyc3p_e	0.5	0.96	1	0.48
all	minimal	B_bin.14	B_bin.8	M_glyc_e	0.5	0.31	1	0.155
all	minimal	B_bin.14	B_bin.8	M_h2s_e	0.5	0.04	1	0.02
all	minimal	B_bin.14	B_bin.8	M_h_e	0.5	0.01	1	0.005
all	minimal	B_bin.14	B_bin.8	M_o2_e	0.5	0.01	1	0.005
all	minimal	B_bin.14	B_bin.8	M_pi_e	0.5	0.04	1	0.02
all	minimal	B_bin.14	B_bin.8	M_ser__L_e	0.5	1.0	1	0.5
all	minimal	B_bin.15	B_bin.1	M_fe3_e	0.05	0.03	1	0.0015
all	minimal	B_bin.15	B_bin.1	M_h2s_e	0.05	1.0	1	0.05
all	minimal	B_bin.15	B_bin.1	M_h_e	0.05	0.78	1	0.03900000000000001
all	minimal	B_bin.15	B_bin.1	M_lys__L_e	0.05	0.25	1	0.0125
all	minimal	B_bin.15	B_bin.1	M_o2_e	0.05	1.0	1	0.05
all	minimal	B_bin.15	B_bin.1	M_pheme_e	0.05	1.0	1	0.05
all	minimal	B_bin.15	B_bin.1	M_pi_e	0.05	1.0	1	0.05
all	minimal	B_bin.15	B_bin.1	M_thm_e	0.05	0.01	1	0.0005
all	minimal	B_bin.15	B_bin.10	M_fe2_e	1.0	0.98	1	0.98
all	minimal	B_bin.15	B_bin.10	M_fe3_e	1.0	0.03	1	0.03
all	minimal	B_bin.15	B_bin.10	M_gal_e	1.0	1.0	1	1.0
all	minimal	B_bin.15	B_bin.10	M_h2s_e	1.0	1.0	1	1.0
all	minimal	B_bin.15	B_bin.10	M_h_e	1.0	0.78	1	0.78
all	minimal	B_bin.15	B_bin.10	M_lys__L_e	1.0	0.25	1	0.25
all	minimal	B_bin.15	B_bin.10	M_o2_e	1.0	1.0	1	1.0
all	minimal	B_bin.15	B_bin.10	M_pi_e	1.0	1.0	1	1.0
all	minimal	B_bin.15	B_bin.10	M_thm_e	1.0	0.01	1	0.01
all	minimal	B_bin.15	B_bin.11	M_fe2_e	0.06	0.98	1	0.0588
all	minimal	B_bin.15	B_bin.11	M_fe3_e	0.06	0.03	1	0.0018
all	minimal	B_bin.15	B_bin.11	M_h_e	0.06	0.78	1	0.0468
all	minimal	B_bin.15	B_bin.11	M_istfrnB_e	0.06	0.02	1	0.0012
all	minimal	B_bin.15	B_bin.12	M_fe2_e	0.05	0.98	1	0.049
all	minimal	B_bin.15	B_bin.12	M_fe3_e	0.05	0.03	1	0.0015
all	minimal	B_bin.15	B_bin.12	M_h2s_e	0.05	1.0	1	0.05
all	minimal	B_bin.15	B_bin.12	M_h_e	0.05	0.78	1	0.03900000000000001
all	minimal	B_bin.15	B_bin.12	M_istfrnB_e	0.05	0.02	1	0.001
all	minimal	B_bin.15	B_bin.12	M_o2_e	0.05	1.0	1	0.05
all	minimal	B_bin.15	B_bin.12	M_pi_e	0.05	1.0	1	0.05
all	minimal	B_bin.15	B_bin.12	M_thm_e	0.05	0.01	1	0.0005
all	minimal	B_bin.15	B_bin.14	M_fe2_e	0.05	0.98	1	0.049
all	minimal	B_bin.15	B_bin.14	M_fe3_e	0.05	0.03	1	0.0015
all	minimal	B_bin.15	B_bin.14	M_h2s_e	0.05	1.0	1	0.05
all	minimal	B_bin.15	B_bin.14	M_h_e	0.05	0.78	1	0.03900000000000001
all	minimal	B_bin.15	B_bin.14	M_istfrnB_e	0.05	0.02	1	0.001
all	minimal	B_bin.15	B_bin.14	M_o2_e	0.05	1.0	1	0.05
all	minimal	B_bin.15	B_bin.14	M_pheme_e	0.05	1.0	1	0.05
all	minimal	B_bin.15	B_bin.14	M_thm_e	0.05	0.01	1	0.0005
all	minimal	B_bin.15	B_bin.17	M_fe3_e	0.04	0.03	1	0.0012
all	minimal	B_bin.15	B_bin.17	M_h2s_e	0.04	1.0	1	0.04
all	minimal	B_bin.15	B_bin.17	M_h_e	0.04	0.78	1	0.031200000000000002
all	minimal	B_bin.15	B_bin.17	M_o2_e	0.04	1.0	1	0.04
all	minimal	B_bin.15	B_bin.17	M_pi_e	0.04	1.0	1	0.04
all	minimal	B_bin.15	B_bin.17	M_thm_e	0.04	0.01	1	0.0004
all	minimal	B_bin.15	B_bin.18	M_fe2_e	0.06	0.98	1	0.0588
all	minimal	B_bin.15	B_bin.18	M_fe3_e	0.06	0.03	1	0.0018
all	minimal	B_bin.15	B_bin.18	M_h2s_e	0.06	1.0	1	0.06
all	minimal	B_bin.15	B_bin.18	M_h_e	0.06	0.78	1	0.0468
all	minimal	B_bin.15	B_bin.18	M_istfrnB_e	0.06	0.02	1	0.0012
all	minimal	B_bin.15	B_bin.18	M_o2_e	0.06	1.0	1	0.06
all	minimal	B_bin.15	B_bin.18	M_pi_e	0.06	1.0	1	0.06
all	minimal	B_bin.15	B_bin.18	M_thm_e	0.06	0.01	1	0.0006
all	minimal	B_bin.15	B_bin.20	M_fe2_e	0.4	0.98	1	0.392
all	minimal	B_bin.15	B_bin.20	M_fe3_e	0.4	0.03	1	0.012
all	minimal	B_bin.15	B_bin.20	M_h2_e	0.4	0.25	1	0.1
all	minimal	B_bin.15	B_bin.20	M_h2s_e	0.4	1.0	1	0.4
all	minimal	B_bin.15	B_bin.20	M_h_e	0.4	0.78	1	0.31200000000000006
all	minimal	B_bin.15	B_bin.20	M_ile__L_e	0.4	1.0	1	0.4
all	minimal	B_bin.15	B_bin.20	M_istfrnB_e	0.4	0.02	1	0.008
all	minimal	B_bin.15	B_bin.20	M_leu__L_e	0.4	1.0	1	0.4
all	minimal	B_bin.15	B_bin.20	M_lys__L_e	0.4	0.25	1	0.1
all	minimal	B_bin.15	B_bin.20	M_val__L_e	0.4	1.0	1	0.4
all	minimal	B_bin.15	B_bin.21	M_fe2_e	0.04	0.98	1	0.0392
all	minimal	B_bin.15	B_bin.21	M_fe3_e	0.04	0.03	1	0.0012
all	minimal	B_bin.15	B_bin.21	M_h2s_e	0.04	1.0	1	0.04
all	minimal	B_bin.15	B_bin.21	M_h_e	0.04	0.78	1	0.031200000000000002
all	minimal	B_bin.15	B_bin.21	M_istfrnB_e	0.04	0.02	1	0.0008
all	minimal	B_bin.15	B_bin.21	M_nac_e	0.04	0.01	1	0.0004
all	minimal	B_bin.15	B_bin.21	M_pheme_e	0.04	1.0	1	0.04
all	minimal	B_bin.15	B_bin.23	M_arg__L_e	0.64	1.0	1	0.64
all	minimal	B_bin.15	B_bin.23	M_fe2_e	0.64	0.98	1	0.6272
all	minimal	B_bin.15	B_bin.23	M_fe3_e	0.64	0.03	1	0.0192
all	minimal	B_bin.15	B_bin.23	M_h2s_e	0.64	1.0	1	0.64
all	minimal	B_bin.15	B_bin.23	M_h_e	0.64	0.78	1	0.49920000000000003
all	minimal	B_bin.15	B_bin.23	M_ile__L_e	0.64	1.0	1	0.64
all	minimal	B_bin.15	B_bin.23	M_leu__L_e	0.64	1.0	1	0.64
all	minimal	B_bin.15	B_bin.23	M_lys__L_e	0.64	0.25	1	0.16
all	minimal	B_bin.15	B_bin.23	M_o2_e	0.64	1.0	1	0.64
all	minimal	B_bin.15	B_bin.23	M_pheme_e	0.64	1.0	1	0.64
all	minimal	B_bin.15	B_bin.23	M_pi_e	0.64	1.0	1	0.64
all	minimal	B_bin.15	B_bin.23	M_thm_e	0.64	0.01	1	0.0064
all	minimal	B_bin.15	B_bin.23	M_val__L_e	0.64	1.0	1	0.64
all	minimal	B_bin.15	B_bin.24	M_fe2_e	0.05	0.98	1	0.049
all	minimal	B_bin.15	B_bin.24	M_fe3_e	0.05	0.03	1	0.0015
all	minimal	B_bin.15	B_bin.24	M_gal_e	0.05	1.0	1	0.05
all	minimal	B_bin.15	B_bin.24	M_h2s_e	0.05	1.0	1	0.05
all	minimal	B_bin.15	B_bin.24	M_pheme_e	0.05	1.0	1	0.05
all	minimal	B_bin.15	B_bin.24	M_pnto__R_e	0.05	0.01	1	0.0005
all	minimal	B_bin.15	B_bin.25	M_fe2_e	0.06	0.98	1	0.0588
all	minimal	B_bin.15	B_bin.25	M_fe3_e	0.06	0.03	1	0.0018
all	minimal	B_bin.15	B_bin.25	M_h2_e	0.06	0.25	1	0.015
all	minimal	B_bin.15	B_bin.25	M_h2s_e	0.06	1.0	1	0.06
all	minimal	B_bin.15	B_bin.25	M_h_e	0.06	0.78	1	0.0468
all	minimal	B_bin.15	B_bin.25	M_istfrnB_e	0.06	0.02	1	0.0012
all	minimal	B_bin.15	B_bin.25	M_met__D_e	0.06	0.01	1	0.0006
all	minimal	B_bin.15	B_bin.25	M_pi_e	0.06	1.0	1	0.06
all	minimal	B_bin.15	B_bin.26	M_fe2_e	0.05	0.98	1	0.049
all	minimal	B_bin.15	B_bin.26	M_fe3_e	0.05	0.03	1	0.0015
all	minimal	B_bin.15	B_bin.26	M_h2s_e	0.05	1.0	1	0.05
all	minimal	B_bin.15	B_bin.26	M_h_e	0.05	0.78	1	0.03900000000000001
all	minimal	B_bin.15	B_bin.26	M_istfrnB_e	0.05	0.02	1	0.001
all	minimal	B_bin.15	B_bin.28	M_fe2_e	0.25	0.98	1	0.245
all	minimal	B_bin.15	B_bin.28	M_fe3_e	0.25	0.03	1	0.0075
all	minimal	B_bin.15	B_bin.28	M_h2s_e	0.25	1.0	1	0.25
all	minimal	B_bin.15	B_bin.28	M_h_e	0.25	0.78	1	0.195
all	minimal	B_bin.15	B_bin.28	M_istfrnB_e	0.25	0.02	1	0.005
all	minimal	B_bin.15	B_bin.29	M_fe2_e	0.27	0.98	1	0.2646
all	minimal	B_bin.15	B_bin.29	M_fe3_e	0.27	0.03	1	0.0081
all	minimal	B_bin.15	B_bin.29	M_h2s_e	0.27	1.0	1	0.27
all	minimal	B_bin.15	B_bin.29	M_h_e	0.27	0.78	1	0.2106
all	minimal	B_bin.15	B_bin.29	M_istfrnB_e	0.27	0.02	1	0.0054
all	minimal	B_bin.15	B_bin.29	M_lys__L_e	0.27	0.25	1	0.0675
all	minimal	B_bin.15	B_bin.29	M_o2_e	0.27	1.0	1	0.27
all	minimal	B_bin.15	B_bin.29	M_thm_e	0.27	0.01	1	0.0027
all	minimal	B_bin.15	B_bin.3	M_fe2_e	0.05	0.98	1	0.049
all	minimal	B_bin.15	B_bin.3	M_fe3_e	0.05	0.03	1	0.0015
all	minimal	B_bin.15	B_bin.3	M_h_e	0.05	0.78	1	0.03900000000000001
all	minimal	B_bin.15	B_bin.3	M_istfrnB_e	0.05	0.02	1	0.001
all	minimal	B_bin.15	B_bin.3	M_met__D_e	0.05	0.01	1	0.0005
all	minimal	B_bin.15	B_bin.31	M_diact_e	0.06	0.22	1	0.0132
all	minimal	B_bin.15	B_bin.31	M_fe2_e	0.06	0.98	1	0.0588
all	minimal	B_bin.15	B_bin.31	M_fe3_e	0.06	0.03	1	0.0018
all	minimal	B_bin.15	B_bin.31	M_h_e	0.06	0.78	1	0.0468
all	minimal	B_bin.15	B_bin.31	M_istfrnB_e	0.06	0.02	1	0.0012
all	minimal	B_bin.15	B_bin.32	M_fe2_e	0.06	0.98	1	0.0588
all	minimal	B_bin.15	B_bin.32	M_fe3_e	0.06	0.03	1	0.0018
all	minimal	B_bin.15	B_bin.32	M_gal_e	0.06	1.0	1	0.06
all	minimal	B_bin.15	B_bin.32	M_h_e	0.06	0.78	1	0.0468
all	minimal	B_bin.15	B_bin.32	M_istfrnB_e	0.06	0.02	1	0.0012
all	minimal	B_bin.15	B_bin.32	M_o2_e	0.06	1.0	1	0.06
all	minimal	B_bin.15	B_bin.32	M_pi_e	0.06	1.0	1	0.06
all	minimal	B_bin.15	B_bin.32	M_thm_e	0.06	0.01	1	0.0006
all	minimal	B_bin.15	B_bin.33	M_fe3_e	0.04	0.03	1	0.0012
all	minimal	B_bin.15	B_bin.34	M_fe3_e	0.04	0.03	1	0.0012
all	minimal	B_bin.15	B_bin.34	M_h2s_e	0.04	1.0	1	0.04
all	minimal	B_bin.15	B_bin.34	M_h_e	0.04	0.78	1	0.031200000000000002
all	minimal	B_bin.15	B_bin.34	M_nac_e	0.04	0.01	1	0.0004
all	minimal	B_bin.15	B_bin.34	M_o2_e	0.04	1.0	1	0.04
all	minimal	B_bin.15	B_bin.34	M_pi_e	0.04	1.0	1	0.04
all	minimal	B_bin.15	B_bin.34	M_thm_e	0.04	0.01	1	0.0004
all	minimal	B_bin.15	B_bin.37	M_fe2_e	0.23	0.98	1	0.22540000000000002
all	minimal	B_bin.15	B_bin.37	M_fe3_e	0.23	0.03	1	0.0069
all	minimal	B_bin.15	B_bin.37	M_h2s_e	0.23	1.0	1	0.23
all	minimal	B_bin.15	B_bin.37	M_h_e	0.23	0.78	1	0.1794
all	minimal	B_bin.15	B_bin.37	M_o2_e	0.23	1.0	1	0.23
all	minimal	B_bin.15	B_bin.37	M_pi_e	0.23	1.0	1	0.23
all	minimal	B_bin.15	B_bin.37	M_thm_e	0.23	0.01	1	0.0023
all	minimal	B_bin.15	B_bin.5	M_fe2_e	0.04	0.98	1	0.0392
all	minimal	B_bin.15	B_bin.5	M_fe3_e	0.04	0.03	1	0.0012
all	minimal	B_bin.15	B_bin.5	M_h2s_e	0.04	1.0	1	0.04
all	minimal	B_bin.15	B_bin.5	M_pi_e	0.04	1.0	1	0.04
all	minimal	B_bin.15	B_bin.6	M_fe2_e	1.0	0.98	1	0.98
all	minimal	B_bin.15	B_bin.6	M_fe3_e	1.0	0.03	1	0.03
all	minimal	B_bin.15	B_bin.6	M_h2s_e	1.0	1.0	1	1.0
all	minimal	B_bin.15	B_bin.6	M_h_e	1.0	0.78	1	0.78
all	minimal	B_bin.15	B_bin.6	M_his__L_e	1.0	1.0	1	1.0
all	minimal	B_bin.15	B_bin.6	M_lys__L_e	1.0	0.25	1	0.25
all	minimal	B_bin.15	B_bin.6	M_pheme_e	1.0	1.0	1	1.0
all	minimal	B_bin.15	B_bin.6	M_pi_e	1.0	1.0	1	1.0
all	minimal	B_bin.15	B_bin.7	M_arg__L_e	1.0	1.0	1	1.0
all	minimal	B_bin.15	B_bin.7	M_fe3_e	1.0	0.03	1	0.03
all	minimal	B_bin.15	B_bin.7	M_h2s_e	1.0	1.0	1	1.0
all	minimal	B_bin.15	B_bin.7	M_h_e	1.0	0.78	1	0.78
all	minimal	B_bin.15	B_bin.7	M_lys__L_e	1.0	0.25	1	0.25
all	minimal	B_bin.15	B_bin.7	M_o2_e	1.0	1.0	1	1.0
all	minimal	B_bin.15	B_bin.7	M_pheme_e	1.0	1.0	1	1.0
all	minimal	B_bin.15	B_bin.7	M_thm_e	1.0	0.01	1	0.01
all	minimal	B_bin.15	B_bin.8	M_diact_e	0.3	0.22	1	0.066
all	minimal	B_bin.15	B_bin.8	M_fe2_e	0.3	0.98	1	0.294
all	minimal	B_bin.15	B_bin.8	M_fe3_e	0.3	0.03	1	0.009
all	minimal	B_bin.15	B_bin.8	M_h2s_e	0.3	1.0	1	0.3
all	minimal	B_bin.15	B_bin.8	M_h_e	0.3	0.78	1	0.23399999999999999
all	minimal	B_bin.15	B_bin.8	M_istfrnB_e	0.3	0.02	1	0.006
all	minimal	B_bin.15	B_bin.8	M_lys__L_e	0.3	0.25	1	0.075
all	minimal	B_bin.15	B_bin.8	M_o2_e	0.3	1.0	1	0.3
all	minimal	B_bin.15	B_bin.8	M_pi_e	0.3	1.0	1	0.3
all	minimal	B_bin.15	B_bin.8	M_thm_e	0.3	0.01	1	0.003
all	minimal	B_bin.15	B_bin.9	M_fe2_e	0.03	0.98	1	0.0294
all	minimal	B_bin.15	B_bin.9	M_fe3_e	0.03	0.03	1	0.0009
all	minimal	B_bin.15	B_bin.9	M_h2s_e	0.03	1.0	1	0.03
all	minimal	B_bin.15	B_bin.9	M_h_e	0.03	0.78	1	0.0234
all	minimal	B_bin.15	B_bin.9	M_istfrnB_e	0.03	0.02	1	0.0006
all	minimal	B_bin.15	B_bin.9	M_pi_e	0.03	1.0	1	0.03
all	minimal	B_bin.17	B_bin.1	M_4abz_e	0.06	0.03	1	0.0018
all	minimal	B_bin.17	B_bin.1	M_acald_e	0.06	0.02	1	0.0012
all	minimal	B_bin.17	B_bin.1	M_alaala_e	0.06	0.17	1	0.0102
all	minimal	B_bin.17	B_bin.1	M_cys__L_e	0.06	0.02	1	0.0012
all	minimal	B_bin.17	B_bin.1	M_lys__L_e	0.06	0.03	1	0.0018
all	minimal	B_bin.17	B_bin.1	M_nh4_e	0.06	0.45	1	0.027
all	minimal	B_bin.17	B_bin.1	M_o2_e	0.06	0.95	1	0.056999999999999995
all	minimal	B_bin.17	B_bin.1	M_pheme_e	0.06	1.0	1	0.06
all	minimal	B_bin.17	B_bin.1	M_pi_e	0.06	0.38	1	0.0228
all	minimal	B_bin.17	B_bin.1	M_ura_e	0.06	0.12	1	0.0072
all	minimal	B_bin.17	B_bin.10	M_acald_e	0.79	0.02	1	0.0158
all	minimal	B_bin.17	B_bin.10	M_fe2_e	0.79	1.0	1	0.79
all	minimal	B_bin.17	B_bin.10	M_gal_e	0.79	1.0	1	0.79
all	minimal	B_bin.17	B_bin.10	M_lys__L_e	0.79	0.03	1	0.0237
all	minimal	B_bin.17	B_bin.10	M_nh4_e	0.79	0.45	1	0.35550000000000004
all	minimal	B_bin.17	B_bin.10	M_o2_e	0.79	0.95	1	0.7505
all	minimal	B_bin.17	B_bin.10	M_pi_e	0.79	0.38	1	0.3002
all	minimal	B_bin.17	B_bin.11	M_acald_e	0.05	0.02	1	0.001
all	minimal	B_bin.17	B_bin.11	M_cys__L_e	0.05	0.02	1	0.001
all	minimal	B_bin.17	B_bin.11	M_fe2_e	0.05	1.0	1	0.05
all	minimal	B_bin.17	B_bin.11	M_nh4_e	0.05	0.45	1	0.022500000000000003
all	minimal	B_bin.17	B_bin.12	M_acald_e	0.05	0.02	1	0.001
all	minimal	B_bin.17	B_bin.12	M_fe2_e	0.05	1.0	1	0.05
all	minimal	B_bin.17	B_bin.12	M_nh4_e	0.05	0.45	1	0.022500000000000003
all	minimal	B_bin.17	B_bin.12	M_o2_e	0.05	0.95	1	0.0475
all	minimal	B_bin.17	B_bin.12	M_pi_e	0.05	0.38	1	0.019000000000000003
all	minimal	B_bin.17	B_bin.12	M_ura_e	0.05	0.12	1	0.006
all	minimal	B_bin.17	B_bin.14	M_acald_e	0.19	0.02	1	0.0038
all	minimal	B_bin.17	B_bin.14	M_ch4s_e	0.19	0.72	1	0.1368
all	minimal	B_bin.17	B_bin.14	M_fe2_e	0.19	1.0	1	0.19
all	minimal	B_bin.17	B_bin.14	M_indole_e	0.19	0.01	1	0.0019
all	minimal	B_bin.17	B_bin.14	M_nh4_e	0.19	0.45	1	0.0855
all	minimal	B_bin.17	B_bin.14	M_o2_e	0.19	0.95	1	0.1805
all	minimal	B_bin.17	B_bin.14	M_pheme_e	0.19	1.0	1	0.19
all	minimal	B_bin.17	B_bin.15	M_acald_e	0.08	0.02	1	0.0016
all	minimal	B_bin.17	B_bin.15	M_fe2_e	0.08	1.0	1	0.08
all	minimal	B_bin.17	B_bin.15	M_nh4_e	0.08	0.45	1	0.036000000000000004
all	minimal	B_bin.17	B_bin.18	M_acald_e	0.05	0.02	1	0.001
all	minimal	B_bin.17	B_bin.18	M_fe2_e	0.05	1.0	1	0.05
all	minimal	B_bin.17	B_bin.18	M_nh4_e	0.05	0.45	1	0.022500000000000003
all	minimal	B_bin.17	B_bin.18	M_o2_e	0.05	0.95	1	0.0475
all	minimal	B_bin.17	B_bin.18	M_pi_e	0.05	0.38	1	0.019000000000000003
all	minimal	B_bin.17	B_bin.18	M_ura_e	0.05	0.12	1	0.006
all	minimal	B_bin.17	B_bin.20	M_fe2_e	1.0	1.0	1	1.0
all	minimal	B_bin.17	B_bin.20	M_glu__L_e	1.0	0.01	1	0.01
all	minimal	B_bin.17	B_bin.20	M_indole_e	1.0	0.01	1	0.01
all	minimal	B_bin.17	B_bin.20	M_lys__L_e	1.0	0.03	1	0.03
all	minimal	B_bin.17	B_bin.20	M_nh4_e	1.0	0.45	1	0.45
all	minimal	B_bin.17	B_bin.20	M_thr__L_e	1.0	1.0	1	1.0
all	minimal	B_bin.17	B_bin.20	M_ura_e	1.0	0.12	1	0.12
all	minimal	B_bin.17	B_bin.21	M_acald_e	0.05	0.02	1	0.001
all	minimal	B_bin.17	B_bin.21	M_cys__L_e	0.05	0.02	1	0.001
all	minimal	B_bin.17	B_bin.21	M_fe2_e	0.05	1.0	1	0.05
all	minimal	B_bin.17	B_bin.21	M_indole_e	0.05	0.01	1	0.0005
all	minimal	B_bin.17	B_bin.21	M_nh4_e	0.05	0.45	1	0.022500000000000003
all	minimal	B_bin.17	B_bin.21	M_pheme_e	0.05	1.0	1	0.05
all	minimal	B_bin.17	B_bin.21	M_ura_e	0.05	0.12	1	0.006
all	minimal	B_bin.17	B_bin.23	M_4abz_e	0.06	0.03	1	0.0018
all	minimal	B_bin.17	B_bin.23	M_acald_e	0.06	0.02	1	0.0012
all	minimal	B_bin.17	B_bin.23	M_arg__L_e	0.06	0.97	1	0.058199999999999995
all	minimal	B_bin.17	B_bin.23	M_coa_e	0.06	0.01	1	0.0006
all	minimal	B_bin.17	B_bin.23	M_fe2_e	0.06	1.0	1	0.06
all	minimal	B_bin.17	B_bin.23	M_lys__L_e	0.06	0.03	1	0.0018
all	minimal	B_bin.17	B_bin.23	M_nh4_e	0.06	0.45	1	0.027
all	minimal	B_bin.17	B_bin.23	M_o2_e	0.06	0.95	1	0.056999999999999995
all	minimal	B_bin.17	B_bin.23	M_pheme_e	0.06	1.0	1	0.06
all	minimal	B_bin.17	B_bin.23	M_pi_e	0.06	0.38	1	0.0228
all	minimal	B_bin.17	B_bin.23	M_ura_e	0.06	0.12	1	0.0072
all	minimal	B_bin.17	B_bin.24	M_4abz_e	0.06	0.03	1	0.0018
all	minimal	B_bin.17	B_bin.24	M_acald_e	0.06	0.02	1	0.0012
all	minimal	B_bin.17	B_bin.24	M_alaala_e	0.06	0.17	1	0.0102
all	minimal	B_bin.17	B_bin.24	M_fe2_e	0.06	1.0	1	0.06
all	minimal	B_bin.17	B_bin.24	M_gal_e	0.06	1.0	1	0.06
all	minimal	B_bin.17	B_bin.24	M_nh4_e	0.06	0.45	1	0.027
all	minimal	B_bin.17	B_bin.24	M_pheme_e	0.06	1.0	1	0.06
all	minimal	B_bin.17	B_bin.25	M_acald_e	0.6	0.02	1	0.012
all	minimal	B_bin.17	B_bin.25	M_fe2_e	0.6	1.0	1	0.6
all	minimal	B_bin.17	B_bin.25	M_met__D_e	0.6	0.28	1	0.168
all	minimal	B_bin.17	B_bin.25	M_nh4_e	0.6	0.45	1	0.27
all	minimal	B_bin.17	B_bin.25	M_pi_e	0.6	0.38	1	0.22799999999999998
all	minimal	B_bin.17	B_bin.25	M_ura_e	0.6	0.12	1	0.072
all	minimal	B_bin.17	B_bin.26	M_acald_e	0.1	0.02	1	0.002
all	minimal	B_bin.17	B_bin.26	M_fe2_e	0.1	1.0	1	0.1
all	minimal	B_bin.17	B_bin.26	M_nh4_e	0.1	0.45	1	0.045000000000000005
all	minimal	B_bin.17	B_bin.28	M_4abz_e	0.26	0.03	1	0.0078
all	minimal	B_bin.17	B_bin.28	M_acald_e	0.26	0.02	1	0.005200000000000001
all	minimal	B_bin.17	B_bin.28	M_alaala_e	0.26	0.17	1	0.0442
all	minimal	B_bin.17	B_bin.28	M_fe2_e	0.26	1.0	1	0.26
all	minimal	B_bin.17	B_bin.28	M_nh4_e	0.26	0.45	1	0.117
all	minimal	B_bin.17	B_bin.29	M_acald_e	0.46	0.02	1	0.0092
all	minimal	B_bin.17	B_bin.29	M_ala__L_e	0.46	0.35	1	0.161
all	minimal	B_bin.17	B_bin.29	M_ch4s_e	0.46	0.72	1	0.3312
all	minimal	B_bin.17	B_bin.29	M_fe2_e	0.46	1.0	1	0.46
all	minimal	B_bin.17	B_bin.29	M_lys__L_e	0.46	0.03	1	0.0138
all	minimal	B_bin.17	B_bin.29	M_nh4_e	0.46	0.45	1	0.20700000000000002
all	minimal	B_bin.17	B_bin.29	M_o2_e	0.46	0.95	1	0.437
all	minimal	B_bin.17	B_bin.29	M_ura_e	0.46	0.12	1	0.0552
all	minimal	B_bin.17	B_bin.3	M_acald_e	0.05	0.02	1	0.001
all	minimal	B_bin.17	B_bin.3	M_fe2_e	0.05	1.0	1	0.05
all	minimal	B_bin.17	B_bin.3	M_met__D_e	0.05	0.28	1	0.014000000000000002
all	minimal	B_bin.17	B_bin.3	M_nh4_e	0.05	0.45	1	0.022500000000000003
all	minimal	B_bin.17	B_bin.31	M_ch4s_e	0.17	0.72	1	0.12240000000000001
all	minimal	B_bin.17	B_bin.31	M_fe2_e	0.17	1.0	1	0.17
all	minimal	B_bin.17	B_bin.31	M_nh4_e	0.17	0.45	1	0.07650000000000001
all	minimal	B_bin.17	B_bin.32	M_acald_e	0.04	0.02	1	0.0008
all	minimal	B_bin.17	B_bin.32	M_alaala_e	0.04	0.17	1	0.0068000000000000005
all	minimal	B_bin.17	B_bin.32	M_fe2_e	0.04	1.0	1	0.04
all	minimal	B_bin.17	B_bin.32	M_gal_e	0.04	1.0	1	0.04
all	minimal	B_bin.17	B_bin.32	M_indole_e	0.04	0.01	1	0.0004
all	minimal	B_bin.17	B_bin.32	M_nh4_e	0.04	0.45	1	0.018000000000000002
all	minimal	B_bin.17	B_bin.32	M_o2_e	0.04	0.95	1	0.038
all	minimal	B_bin.17	B_bin.32	M_pi_e	0.04	0.38	1	0.0152
all	minimal	B_bin.17	B_bin.32	M_ura_e	0.04	0.12	1	0.0048
all	minimal	B_bin.17	B_bin.33	M_4abz_e	0.04	0.03	1	0.0012
all	minimal	B_bin.17	B_bin.33	M_acald_e	0.04	0.02	1	0.0008
all	minimal	B_bin.17	B_bin.33	M_acgam1p_e	0.04	0.23	1	0.0092
all	minimal	B_bin.17	B_bin.33	M_nh4_e	0.04	0.45	1	0.018000000000000002
all	minimal	B_bin.17	B_bin.34	M_acald_e	0.04	0.02	1	0.0008
all	minimal	B_bin.17	B_bin.34	M_ch4s_e	0.04	0.72	1	0.0288
all	minimal	B_bin.17	B_bin.34	M_nh4_e	0.04	0.45	1	0.018000000000000002
all	minimal	B_bin.17	B_bin.34	M_o2_e	0.04	0.95	1	0.038
all	minimal	B_bin.17	B_bin.34	M_pi_e	0.04	0.38	1	0.0152
all	minimal	B_bin.17	B_bin.37	M_4abz_e	0.22	0.03	1	0.0066
all	minimal	B_bin.17	B_bin.37	M_acald_e	0.22	0.02	1	0.0044
all	minimal	B_bin.17	B_bin.37	M_acgam1p_e	0.22	0.23	1	0.0506
all	minimal	B_bin.17	B_bin.37	M_alaala_e	0.22	0.17	1	0.0374
all	minimal	B_bin.17	B_bin.37	M_cys__L_e	0.22	0.02	1	0.0044
all	minimal	B_bin.17	B_bin.37	M_fe2_e	0.22	1.0	1	0.22
all	minimal	B_bin.17	B_bin.37	M_nh4_e	0.22	0.45	1	0.099
all	minimal	B_bin.17	B_bin.37	M_o2_e	0.22	0.95	1	0.209
all	minimal	B_bin.17	B_bin.37	M_pi_e	0.22	0.38	1	0.08360000000000001
all	minimal	B_bin.17	B_bin.37	M_ura_e	0.22	0.12	1	0.0264
all	minimal	B_bin.17	B_bin.5	M_acald_e	0.15	0.02	1	0.003
all	minimal	B_bin.17	B_bin.5	M_fe2_e	0.15	1.0	1	0.15
all	minimal	B_bin.17	B_bin.5	M_nh4_e	0.15	0.45	1	0.0675
all	minimal	B_bin.17	B_bin.5	M_pi_e	0.15	0.38	1	0.056999999999999995
all	minimal	B_bin.17	B_bin.5	M_ura_e	0.15	0.12	1	0.018
all	minimal	B_bin.17	B_bin.6	M_4abz_e	0.04	0.03	1	0.0012
all	minimal	B_bin.17	B_bin.6	M_acald_e	0.04	0.02	1	0.0008
all	minimal	B_bin.17	B_bin.6	M_fe2_e	0.04	1.0	1	0.04
all	minimal	B_bin.17	B_bin.6	M_glu__L_e	0.04	0.01	1	0.0004
all	minimal	B_bin.17	B_bin.6	M_lys__L_e	0.04	0.03	1	0.0012
all	minimal	B_bin.17	B_bin.6	M_nh4_e	0.04	0.45	1	0.018000000000000002
all	minimal	B_bin.17	B_bin.6	M_pheme_e	0.04	1.0	1	0.04
all	minimal	B_bin.17	B_bin.6	M_pi_e	0.04	0.38	1	0.0152
all	minimal	B_bin.17	B_bin.7	M_acald_e	1.0	0.02	1	0.02
all	minimal	B_bin.17	B_bin.7	M_arg__L_e	1.0	0.97	1	0.97
all	minimal	B_bin.17	B_bin.7	M_glu__L_e	1.0	0.01	1	0.01
all	minimal	B_bin.17	B_bin.7	M_lys__L_e	1.0	0.03	1	0.03
all	minimal	B_bin.17	B_bin.7	M_nh4_e	1.0	0.45	1	0.45
all	minimal	B_bin.17	B_bin.7	M_o2_e	1.0	0.95	1	0.95
all	minimal	B_bin.17	B_bin.7	M_pheme_e	1.0	1.0	1	1.0
all	minimal	B_bin.17	B_bin.8	M_acald_e	0.19	0.02	1	0.0038
all	minimal	B_bin.17	B_bin.8	M_alaala_e	0.19	0.17	1	0.0323
all	minimal	B_bin.17	B_bin.8	M_fe2_e	0.19	1.0	1	0.19
all	minimal	B_bin.17	B_bin.8	M_indole_e	0.19	0.01	1	0.0019
all	minimal	B_bin.17	B_bin.8	M_lys__L_e	0.19	0.03	1	0.0057
all	minimal	B_bin.17	B_bin.8	M_nh4_e	0.19	0.45	1	0.0855
all	minimal	B_bin.17	B_bin.8	M_o2_e	0.19	0.95	1	0.1805
all	minimal	B_bin.17	B_bin.8	M_pi_e	0.19	0.38	1	0.0722
all	minimal	B_bin.17	B_bin.8	M_ura_e	0.19	0.12	1	0.0228
all	minimal	B_bin.17	B_bin.9	M_4abz_e	0.03	0.03	1	0.0009
all	minimal	B_bin.17	B_bin.9	M_acald_e	0.03	0.02	1	0.0006
all	minimal	B_bin.17	B_bin.9	M_fe2_e	0.03	1.0	1	0.03
all	minimal	B_bin.17	B_bin.9	M_indole_e	0.03	0.01	1	0.0003
all	minimal	B_bin.17	B_bin.9	M_nh4_e	0.03	0.45	1	0.0135
all	minimal	B_bin.17	B_bin.9	M_pi_e	0.03	0.38	1	0.0114
all	minimal	B_bin.17	B_bin.9	M_ura_e	0.03	0.12	1	0.0036
